capacity,capacity_value,seed,epoch,return,run_id,run_name
50k,50000,0,0,3.799999952316284,8i3d83po,reacher-hard-v0_0_20260728-165747_Ours+curiosity_res_buf50k_ftlr0.0001_clip1.0_A10.0_On0.0_anlFalse
50k,50000,0,1,3.799999952316284,8i3d83po,reacher-hard-v0_0_20260728-165747_Ours+curiosity_res_buf50k_ftlr0.0001_clip1.0_A10.0_On0.0_anlFalse
50k,50000,0,2,1.7999999523162842,8i3d83po,reacher-hard-v0_0_20260728-165747_Ours+curiosity_res_buf50k_ftlr0.0001_clip1.0_A10.0_On0.0_anlFalse
50k,50000,0,3,11.199999809265137,8i3d83po,reacher-hard-v0_0_20260728-165747_Ours+curiosity_res_buf50k_ftlr0.0001_clip1.0_A10.0_On0.0_anlFalse
50k,50000,0,4,25.799999237060547,8i3d83po,reacher-hard-v0_0_20260728-165747_Ours+curiosity_res_buf50k_ftlr0.0001_clip1.0_A10.0_On0.0_anlFalse
50k,50000,0,5,0.6000000238418579,8i3d83po,reacher-hard-v0_0_20260728-165747_Ours+curiosity_res_buf50k_ftlr0.0001_clip1.0_A10.0_On0.0_anlFalse
50k,50000,0,6,20.100000381469727,8i3d83po,reacher-hard-v0_0_20260728-165747_Ours+curiosity_res_buf50k_ftlr0.0001_clip1.0_A10.0_On0.0_anlFalse
50k,50000,0,7,0,8i3d83po,reacher-hard-v0_0_20260728-165747_Ours+curiosity_res_buf50k_ftlr0.0001_clip1.0_A10.0_On0.0_anlFalse
50k,50000,0,8,13.300000190734863,8i3d83po,reacher-hard-v0_0_20260728-165747_Ours+curiosity_res_buf50k_ftlr0.0001_clip1.0_A10.0_On0.0_anlFalse
50k,50000,0,9,93.80000305175781,8i3d83po,reacher-hard-v0_0_20260728-165747_Ours+curiosity_res_buf50k_ftlr0.0001_clip1.0_A10.0_On0.0_anlFalse
50k,50000,0,10,16.200000762939453,8i3d83po,reacher-hard-v0_0_20260728-165747_Ours+curiosity_res_buf50k_ftlr0.0001_clip1.0_A10.0_On0.0_anlFalse
50k,50000,0,11,88.0999984741211,8i3d83po,reacher-hard-v0_0_20260728-165747_Ours+curiosity_res_buf50k_ftlr0.0001_clip1.0_A10.0_On0.0_anlFalse
50k,50000,0,12,67.19999694824219,8i3d83po,reacher-hard-v0_0_20260728-165747_Ours+curiosity_res_buf50k_ftlr0.0001_clip1.0_A10.0_On0.0_anlFalse
50k,50000,0,13,465.79998779296875,8i3d83po,reacher-hard-v0_0_20260728-165747_Ours+curiosity_res_buf50k_ftlr0.0001_clip1.0_A10.0_On0.0_anlFalse
50k,50000,0,14,480.5,8i3d83po,reacher-hard-v0_0_20260728-165747_Ours+curiosity_res_buf50k_ftlr0.0001_clip1.0_A10.0_On0.0_anlFalse
50k,50000,0,15,193.5,8i3d83po,reacher-hard-v0_0_20260728-165747_Ours+curiosity_res_buf50k_ftlr0.0001_clip1.0_A10.0_On0.0_anlFalse
50k,50000,0,16,289.1000061035156,8i3d83po,reacher-hard-v0_0_20260728-165747_Ours+curiosity_res_buf50k_ftlr0.0001_clip1.0_A10.0_On0.0_anlFalse
50k,50000,0,17,288.5,8i3d83po,reacher-hard-v0_0_20260728-165747_Ours+curiosity_res_buf50k_ftlr0.0001_clip1.0_A10.0_On0.0_anlFalse
50k,50000,0,18,475.1000061035156,8i3d83po,reacher-hard-v0_0_20260728-165747_Ours+curiosity_res_buf50k_ftlr0.0001_clip1.0_A10.0_On0.0_anlFalse
50k,50000,0,19,665.2999877929688,8i3d83po,reacher-hard-v0_0_20260728-165747_Ours+curiosity_res_buf50k_ftlr0.0001_clip1.0_A10.0_On0.0_anlFalse
50k,50000,0,20,109.0999984741211,8i3d83po,reacher-hard-v0_0_20260728-165747_Ours+curiosity_res_buf50k_ftlr0.0001_clip1.0_A10.0_On0.0_anlFalse
50k,50000,0,21,397.8999938964844,8i3d83po,reacher-hard-v0_0_20260728-165747_Ours+curiosity_res_buf50k_ftlr0.0001_clip1.0_A10.0_On0.0_anlFalse
50k,50000,0,22,194.6999969482422,8i3d83po,reacher-hard-v0_0_20260728-165747_Ours+curiosity_res_buf50k_ftlr0.0001_clip1.0_A10.0_On0.0_anlFalse
50k,50000,0,23,280,8i3d83po,reacher-hard-v0_0_20260728-165747_Ours+curiosity_res_buf50k_ftlr0.0001_clip1.0_A10.0_On0.0_anlFalse
50k,50000,0,24,444.79998779296875,8i3d83po,reacher-hard-v0_0_20260728-165747_Ours+curiosity_res_buf50k_ftlr0.0001_clip1.0_A10.0_On0.0_anlFalse
50k,50000,0,25,485.70001220703125,8i3d83po,reacher-hard-v0_0_20260728-165747_Ours+curiosity_res_buf50k_ftlr0.0001_clip1.0_A10.0_On0.0_anlFalse
50k,50000,0,26,287.29998779296875,8i3d83po,reacher-hard-v0_0_20260728-165747_Ours+curiosity_res_buf50k_ftlr0.0001_clip1.0_A10.0_On0.0_anlFalse
50k,50000,0,27,763.5999755859375,8i3d83po,reacher-hard-v0_0_20260728-165747_Ours+curiosity_res_buf50k_ftlr0.0001_clip1.0_A10.0_On0.0_anlFalse
50k,50000,0,28,193.3000030517578,8i3d83po,reacher-hard-v0_0_20260728-165747_Ours+curiosity_res_buf50k_ftlr0.0001_clip1.0_A10.0_On0.0_anlFalse
50k,50000,0,29,584.5999755859375,8i3d83po,reacher-hard-v0_0_20260728-165747_Ours+curiosity_res_buf50k_ftlr0.0001_clip1.0_A10.0_On0.0_anlFalse
50k,50000,0,30,288.1000061035156,8i3d83po,reacher-hard-v0_0_20260728-165747_Ours+curiosity_res_buf50k_ftlr0.0001_clip1.0_A10.0_On0.0_anlFalse
50k,50000,0,31,753.7999877929688,8i3d83po,reacher-hard-v0_0_20260728-165747_Ours+curiosity_res_buf50k_ftlr0.0001_clip1.0_A10.0_On0.0_anlFalse
50k,50000,0,32,476.1000061035156,8i3d83po,reacher-hard-v0_0_20260728-165747_Ours+curiosity_res_buf50k_ftlr0.0001_clip1.0_A10.0_On0.0_anlFalse
50k,50000,0,33,549,8i3d83po,reacher-hard-v0_0_20260728-165747_Ours+curiosity_res_buf50k_ftlr0.0001_clip1.0_A10.0_On0.0_anlFalse
50k,50000,0,34,478.1000061035156,8i3d83po,reacher-hard-v0_0_20260728-165747_Ours+curiosity_res_buf50k_ftlr0.0001_clip1.0_A10.0_On0.0_anlFalse
50k,50000,0,35,666.2000122070312,8i3d83po,reacher-hard-v0_0_20260728-165747_Ours+curiosity_res_buf50k_ftlr0.0001_clip1.0_A10.0_On0.0_anlFalse
50k,50000,0,36,394,8i3d83po,reacher-hard-v0_0_20260728-165747_Ours+curiosity_res_buf50k_ftlr0.0001_clip1.0_A10.0_On0.0_anlFalse
50k,50000,0,37,552.5,8i3d83po,reacher-hard-v0_0_20260728-165747_Ours+curiosity_res_buf50k_ftlr0.0001_clip1.0_A10.0_On0.0_anlFalse
50k,50000,0,38,675.2999877929688,8i3d83po,reacher-hard-v0_0_20260728-165747_Ours+curiosity_res_buf50k_ftlr0.0001_clip1.0_A10.0_On0.0_anlFalse
50k,50000,0,39,664.0999755859375,8i3d83po,reacher-hard-v0_0_20260728-165747_Ours+curiosity_res_buf50k_ftlr0.0001_clip1.0_A10.0_On0.0_anlFalse
50k,50000,0,40,585.4000244140625,8i3d83po,reacher-hard-v0_0_20260728-165747_Ours+curiosity_res_buf50k_ftlr0.0001_clip1.0_A10.0_On0.0_anlFalse
50k,50000,0,41,575.2000122070312,8i3d83po,reacher-hard-v0_0_20260728-165747_Ours+curiosity_res_buf50k_ftlr0.0001_clip1.0_A10.0_On0.0_anlFalse
50k,50000,0,42,662.4000244140625,8i3d83po,reacher-hard-v0_0_20260728-165747_Ours+curiosity_res_buf50k_ftlr0.0001_clip1.0_A10.0_On0.0_anlFalse
50k,50000,0,43,559.2000122070312,8i3d83po,reacher-hard-v0_0_20260728-165747_Ours+curiosity_res_buf50k_ftlr0.0001_clip1.0_A10.0_On0.0_anlFalse
50k,50000,0,44,454.20001220703125,8i3d83po,reacher-hard-v0_0_20260728-165747_Ours+curiosity_res_buf50k_ftlr0.0001_clip1.0_A10.0_On0.0_anlFalse
50k,50000,0,45,658,8i3d83po,reacher-hard-v0_0_20260728-165747_Ours+curiosity_res_buf50k_ftlr0.0001_clip1.0_A10.0_On0.0_anlFalse
50k,50000,0,46,780.7000122070312,8i3d83po,reacher-hard-v0_0_20260728-165747_Ours+curiosity_res_buf50k_ftlr0.0001_clip1.0_A10.0_On0.0_anlFalse
50k,50000,0,47,462.5,8i3d83po,reacher-hard-v0_0_20260728-165747_Ours+curiosity_res_buf50k_ftlr0.0001_clip1.0_A10.0_On0.0_anlFalse
50k,50000,0,48,573.5999755859375,8i3d83po,reacher-hard-v0_0_20260728-165747_Ours+curiosity_res_buf50k_ftlr0.0001_clip1.0_A10.0_On0.0_anlFalse
50k,50000,0,49,407.1000061035156,8i3d83po,reacher-hard-v0_0_20260728-165747_Ours+curiosity_res_buf50k_ftlr0.0001_clip1.0_A10.0_On0.0_anlFalse
50k,50000,0,50,572.2000122070312,8i3d83po,reacher-hard-v0_0_20260728-165747_Ours+curiosity_res_buf50k_ftlr0.0001_clip1.0_A10.0_On0.0_anlFalse
50k,50000,0,51,407.3999938964844,8i3d83po,reacher-hard-v0_0_20260728-165747_Ours+curiosity_res_buf50k_ftlr0.0001_clip1.0_A10.0_On0.0_anlFalse
50k,50000,0,52,290.5,8i3d83po,reacher-hard-v0_0_20260728-165747_Ours+curiosity_res_buf50k_ftlr0.0001_clip1.0_A10.0_On0.0_anlFalse
50k,50000,0,53,184.5,8i3d83po,reacher-hard-v0_0_20260728-165747_Ours+curiosity_res_buf50k_ftlr0.0001_clip1.0_A10.0_On0.0_anlFalse
50k,50000,0,54,194.5,8i3d83po,reacher-hard-v0_0_20260728-165747_Ours+curiosity_res_buf50k_ftlr0.0001_clip1.0_A10.0_On0.0_anlFalse
50k,50000,0,55,274.79998779296875,8i3d83po,reacher-hard-v0_0_20260728-165747_Ours+curiosity_res_buf50k_ftlr0.0001_clip1.0_A10.0_On0.0_anlFalse
50k,50000,0,56,385.79998779296875,8i3d83po,reacher-hard-v0_0_20260728-165747_Ours+curiosity_res_buf50k_ftlr0.0001_clip1.0_A10.0_On0.0_anlFalse
50k,50000,0,57,864.2000122070312,8i3d83po,reacher-hard-v0_0_20260728-165747_Ours+curiosity_res_buf50k_ftlr0.0001_clip1.0_A10.0_On0.0_anlFalse
50k,50000,0,58,572.9000244140625,8i3d83po,reacher-hard-v0_0_20260728-165747_Ours+curiosity_res_buf50k_ftlr0.0001_clip1.0_A10.0_On0.0_anlFalse
50k,50000,0,59,663.2000122070312,8i3d83po,reacher-hard-v0_0_20260728-165747_Ours+curiosity_res_buf50k_ftlr0.0001_clip1.0_A10.0_On0.0_anlFalse
50k,50000,0,60,667.9000244140625,8i3d83po,reacher-hard-v0_0_20260728-165747_Ours+curiosity_res_buf50k_ftlr0.0001_clip1.0_A10.0_On0.0_anlFalse
50k,50000,0,61,582.9000244140625,8i3d83po,reacher-hard-v0_0_20260728-165747_Ours+curiosity_res_buf50k_ftlr0.0001_clip1.0_A10.0_On0.0_anlFalse
50k,50000,0,62,664.7999877929688,8i3d83po,reacher-hard-v0_0_20260728-165747_Ours+curiosity_res_buf50k_ftlr0.0001_clip1.0_A10.0_On0.0_anlFalse
50k,50000,0,63,772.2000122070312,8i3d83po,reacher-hard-v0_0_20260728-165747_Ours+curiosity_res_buf50k_ftlr0.0001_clip1.0_A10.0_On0.0_anlFalse
50k,50000,0,64,751.0999755859375,8i3d83po,reacher-hard-v0_0_20260728-165747_Ours+curiosity_res_buf50k_ftlr0.0001_clip1.0_A10.0_On0.0_anlFalse
50k,50000,0,65,505.20001220703125,8i3d83po,reacher-hard-v0_0_20260728-165747_Ours+curiosity_res_buf50k_ftlr0.0001_clip1.0_A10.0_On0.0_anlFalse
50k,50000,0,66,568.0999755859375,8i3d83po,reacher-hard-v0_0_20260728-165747_Ours+curiosity_res_buf50k_ftlr0.0001_clip1.0_A10.0_On0.0_anlFalse
50k,50000,0,67,861.4000244140625,8i3d83po,reacher-hard-v0_0_20260728-165747_Ours+curiosity_res_buf50k_ftlr0.0001_clip1.0_A10.0_On0.0_anlFalse
50k,50000,0,68,681.7999877929688,8i3d83po,reacher-hard-v0_0_20260728-165747_Ours+curiosity_res_buf50k_ftlr0.0001_clip1.0_A10.0_On0.0_anlFalse
50k,50000,0,69,661.2999877929688,8i3d83po,reacher-hard-v0_0_20260728-165747_Ours+curiosity_res_buf50k_ftlr0.0001_clip1.0_A10.0_On0.0_anlFalse
50k,50000,0,70,767.7000122070312,8i3d83po,reacher-hard-v0_0_20260728-165747_Ours+curiosity_res_buf50k_ftlr0.0001_clip1.0_A10.0_On0.0_anlFalse
50k,50000,0,71,867.2000122070312,8i3d83po,reacher-hard-v0_0_20260728-165747_Ours+curiosity_res_buf50k_ftlr0.0001_clip1.0_A10.0_On0.0_anlFalse
50k,50000,0,72,766.7999877929688,8i3d83po,reacher-hard-v0_0_20260728-165747_Ours+curiosity_res_buf50k_ftlr0.0001_clip1.0_A10.0_On0.0_anlFalse
50k,50000,0,73,766.0999755859375,8i3d83po,reacher-hard-v0_0_20260728-165747_Ours+curiosity_res_buf50k_ftlr0.0001_clip1.0_A10.0_On0.0_anlFalse
50k,50000,0,74,497.70001220703125,8i3d83po,reacher-hard-v0_0_20260728-165747_Ours+curiosity_res_buf50k_ftlr0.0001_clip1.0_A10.0_On0.0_anlFalse
50k,50000,0,75,508.6000061035156,8i3d83po,reacher-hard-v0_0_20260728-165747_Ours+curiosity_res_buf50k_ftlr0.0001_clip1.0_A10.0_On0.0_anlFalse
50k,50000,0,76,470.8999938964844,8i3d83po,reacher-hard-v0_0_20260728-165747_Ours+curiosity_res_buf50k_ftlr0.0001_clip1.0_A10.0_On0.0_anlFalse
50k,50000,0,77,859,8i3d83po,reacher-hard-v0_0_20260728-165747_Ours+curiosity_res_buf50k_ftlr0.0001_clip1.0_A10.0_On0.0_anlFalse
50k,50000,0,78,760.5,8i3d83po,reacher-hard-v0_0_20260728-165747_Ours+curiosity_res_buf50k_ftlr0.0001_clip1.0_A10.0_On0.0_anlFalse
50k,50000,0,79,765,8i3d83po,reacher-hard-v0_0_20260728-165747_Ours+curiosity_res_buf50k_ftlr0.0001_clip1.0_A10.0_On0.0_anlFalse
50k,50000,0,80,939.4000244140625,8i3d83po,reacher-hard-v0_0_20260728-165747_Ours+curiosity_res_buf50k_ftlr0.0001_clip1.0_A10.0_On0.0_anlFalse
50k,50000,0,81,891.2999877929688,8i3d83po,reacher-hard-v0_0_20260728-165747_Ours+curiosity_res_buf50k_ftlr0.0001_clip1.0_A10.0_On0.0_anlFalse
50k,50000,0,82,532.5,8i3d83po,reacher-hard-v0_0_20260728-165747_Ours+curiosity_res_buf50k_ftlr0.0001_clip1.0_A10.0_On0.0_anlFalse
50k,50000,0,83,484.1000061035156,8i3d83po,reacher-hard-v0_0_20260728-165747_Ours+curiosity_res_buf50k_ftlr0.0001_clip1.0_A10.0_On0.0_anlFalse
50k,50000,0,84,769.7999877929688,8i3d83po,reacher-hard-v0_0_20260728-165747_Ours+curiosity_res_buf50k_ftlr0.0001_clip1.0_A10.0_On0.0_anlFalse
50k,50000,0,85,765.2000122070312,8i3d83po,reacher-hard-v0_0_20260728-165747_Ours+curiosity_res_buf50k_ftlr0.0001_clip1.0_A10.0_On0.0_anlFalse
50k,50000,0,86,860.7000122070312,8i3d83po,reacher-hard-v0_0_20260728-165747_Ours+curiosity_res_buf50k_ftlr0.0001_clip1.0_A10.0_On0.0_anlFalse
50k,50000,0,87,864.5999755859375,8i3d83po,reacher-hard-v0_0_20260728-165747_Ours+curiosity_res_buf50k_ftlr0.0001_clip1.0_A10.0_On0.0_anlFalse
50k,50000,0,88,947.2000122070312,8i3d83po,reacher-hard-v0_0_20260728-165747_Ours+curiosity_res_buf50k_ftlr0.0001_clip1.0_A10.0_On0.0_anlFalse
50k,50000,0,89,586.7999877929688,8i3d83po,reacher-hard-v0_0_20260728-165747_Ours+curiosity_res_buf50k_ftlr0.0001_clip1.0_A10.0_On0.0_anlFalse
50k,50000,0,90,894.2999877929688,8i3d83po,reacher-hard-v0_0_20260728-165747_Ours+curiosity_res_buf50k_ftlr0.0001_clip1.0_A10.0_On0.0_anlFalse
50k,50000,0,91,822.5,8i3d83po,reacher-hard-v0_0_20260728-165747_Ours+curiosity_res_buf50k_ftlr0.0001_clip1.0_A10.0_On0.0_anlFalse
50k,50000,0,92,852.7999877929688,8i3d83po,reacher-hard-v0_0_20260728-165747_Ours+curiosity_res_buf50k_ftlr0.0001_clip1.0_A10.0_On0.0_anlFalse
50k,50000,0,93,699.5,8i3d83po,reacher-hard-v0_0_20260728-165747_Ours+curiosity_res_buf50k_ftlr0.0001_clip1.0_A10.0_On0.0_anlFalse
50k,50000,0,94,886.7000122070312,8i3d83po,reacher-hard-v0_0_20260728-165747_Ours+curiosity_res_buf50k_ftlr0.0001_clip1.0_A10.0_On0.0_anlFalse
50k,50000,0,95,880.7999877929688,8i3d83po,reacher-hard-v0_0_20260728-165747_Ours+curiosity_res_buf50k_ftlr0.0001_clip1.0_A10.0_On0.0_anlFalse
50k,50000,0,96,512.2999877929688,8i3d83po,reacher-hard-v0_0_20260728-165747_Ours+curiosity_res_buf50k_ftlr0.0001_clip1.0_A10.0_On0.0_anlFalse
50k,50000,0,97,756.7000122070312,8i3d83po,reacher-hard-v0_0_20260728-165747_Ours+curiosity_res_buf50k_ftlr0.0001_clip1.0_A10.0_On0.0_anlFalse
50k,50000,0,98,632.7000122070312,8i3d83po,reacher-hard-v0_0_20260728-165747_Ours+curiosity_res_buf50k_ftlr0.0001_clip1.0_A10.0_On0.0_anlFalse
50k,50000,0,99,712.5999755859375,8i3d83po,reacher-hard-v0_0_20260728-165747_Ours+curiosity_res_buf50k_ftlr0.0001_clip1.0_A10.0_On0.0_anlFalse
50k,50000,3,0,0,qaulowe0,reacher-hard-v0_3_20260728-165747_Ours+curiosity_res_buf50k_ftlr0.0001_clip1.0_A10.0_On0.0_anlFalse
50k,50000,3,1,0.800000011920929,qaulowe0,reacher-hard-v0_3_20260728-165747_Ours+curiosity_res_buf50k_ftlr0.0001_clip1.0_A10.0_On0.0_anlFalse
50k,50000,3,2,0,qaulowe0,reacher-hard-v0_3_20260728-165747_Ours+curiosity_res_buf50k_ftlr0.0001_clip1.0_A10.0_On0.0_anlFalse
50k,50000,3,3,7.599999904632568,qaulowe0,reacher-hard-v0_3_20260728-165747_Ours+curiosity_res_buf50k_ftlr0.0001_clip1.0_A10.0_On0.0_anlFalse
50k,50000,3,4,0,qaulowe0,reacher-hard-v0_3_20260728-165747_Ours+curiosity_res_buf50k_ftlr0.0001_clip1.0_A10.0_On0.0_anlFalse
50k,50000,3,5,0,qaulowe0,reacher-hard-v0_3_20260728-165747_Ours+curiosity_res_buf50k_ftlr0.0001_clip1.0_A10.0_On0.0_anlFalse
50k,50000,3,6,53.20000076293945,qaulowe0,reacher-hard-v0_3_20260728-165747_Ours+curiosity_res_buf50k_ftlr0.0001_clip1.0_A10.0_On0.0_anlFalse
50k,50000,3,7,2.9000000953674316,qaulowe0,reacher-hard-v0_3_20260728-165747_Ours+curiosity_res_buf50k_ftlr0.0001_clip1.0_A10.0_On0.0_anlFalse
50k,50000,3,8,2.5999999046325684,qaulowe0,reacher-hard-v0_3_20260728-165747_Ours+curiosity_res_buf50k_ftlr0.0001_clip1.0_A10.0_On0.0_anlFalse
50k,50000,3,9,90.5999984741211,qaulowe0,reacher-hard-v0_3_20260728-165747_Ours+curiosity_res_buf50k_ftlr0.0001_clip1.0_A10.0_On0.0_anlFalse
50k,50000,3,10,4.400000095367432,qaulowe0,reacher-hard-v0_3_20260728-165747_Ours+curiosity_res_buf50k_ftlr0.0001_clip1.0_A10.0_On0.0_anlFalse
50k,50000,3,11,0,qaulowe0,reacher-hard-v0_3_20260728-165747_Ours+curiosity_res_buf50k_ftlr0.0001_clip1.0_A10.0_On0.0_anlFalse
50k,50000,3,12,95.5,qaulowe0,reacher-hard-v0_3_20260728-165747_Ours+curiosity_res_buf50k_ftlr0.0001_clip1.0_A10.0_On0.0_anlFalse
50k,50000,3,13,97.69999694824219,qaulowe0,reacher-hard-v0_3_20260728-165747_Ours+curiosity_res_buf50k_ftlr0.0001_clip1.0_A10.0_On0.0_anlFalse
50k,50000,3,14,190.39999389648438,qaulowe0,reacher-hard-v0_3_20260728-165747_Ours+curiosity_res_buf50k_ftlr0.0001_clip1.0_A10.0_On0.0_anlFalse
50k,50000,3,15,97.5999984741211,qaulowe0,reacher-hard-v0_3_20260728-165747_Ours+curiosity_res_buf50k_ftlr0.0001_clip1.0_A10.0_On0.0_anlFalse
50k,50000,3,16,99.0999984741211,qaulowe0,reacher-hard-v0_3_20260728-165747_Ours+curiosity_res_buf50k_ftlr0.0001_clip1.0_A10.0_On0.0_anlFalse
50k,50000,3,17,289.79998779296875,qaulowe0,reacher-hard-v0_3_20260728-165747_Ours+curiosity_res_buf50k_ftlr0.0001_clip1.0_A10.0_On0.0_anlFalse
50k,50000,3,18,187.6999969482422,qaulowe0,reacher-hard-v0_3_20260728-165747_Ours+curiosity_res_buf50k_ftlr0.0001_clip1.0_A10.0_On0.0_anlFalse
50k,50000,3,19,191.8000030517578,qaulowe0,reacher-hard-v0_3_20260728-165747_Ours+curiosity_res_buf50k_ftlr0.0001_clip1.0_A10.0_On0.0_anlFalse
50k,50000,3,20,178.8000030517578,qaulowe0,reacher-hard-v0_3_20260728-165747_Ours+curiosity_res_buf50k_ftlr0.0001_clip1.0_A10.0_On0.0_anlFalse
50k,50000,3,21,157.60000610351562,qaulowe0,reacher-hard-v0_3_20260728-165747_Ours+curiosity_res_buf50k_ftlr0.0001_clip1.0_A10.0_On0.0_anlFalse
50k,50000,3,22,194.3000030517578,qaulowe0,reacher-hard-v0_3_20260728-165747_Ours+curiosity_res_buf50k_ftlr0.0001_clip1.0_A10.0_On0.0_anlFalse
50k,50000,3,23,476.8999938964844,qaulowe0,reacher-hard-v0_3_20260728-165747_Ours+curiosity_res_buf50k_ftlr0.0001_clip1.0_A10.0_On0.0_anlFalse
50k,50000,3,24,196.60000610351562,qaulowe0,reacher-hard-v0_3_20260728-165747_Ours+curiosity_res_buf50k_ftlr0.0001_clip1.0_A10.0_On0.0_anlFalse
50k,50000,3,25,94.9000015258789,qaulowe0,reacher-hard-v0_3_20260728-165747_Ours+curiosity_res_buf50k_ftlr0.0001_clip1.0_A10.0_On0.0_anlFalse
50k,50000,3,26,285.8999938964844,qaulowe0,reacher-hard-v0_3_20260728-165747_Ours+curiosity_res_buf50k_ftlr0.0001_clip1.0_A10.0_On0.0_anlFalse
50k,50000,3,27,290.5,qaulowe0,reacher-hard-v0_3_20260728-165747_Ours+curiosity_res_buf50k_ftlr0.0001_clip1.0_A10.0_On0.0_anlFalse
50k,50000,3,28,277.79998779296875,qaulowe0,reacher-hard-v0_3_20260728-165747_Ours+curiosity_res_buf50k_ftlr0.0001_clip1.0_A10.0_On0.0_anlFalse
50k,50000,3,29,391.1000061035156,qaulowe0,reacher-hard-v0_3_20260728-165747_Ours+curiosity_res_buf50k_ftlr0.0001_clip1.0_A10.0_On0.0_anlFalse
50k,50000,3,30,255.6999969482422,qaulowe0,reacher-hard-v0_3_20260728-165747_Ours+curiosity_res_buf50k_ftlr0.0001_clip1.0_A10.0_On0.0_anlFalse
50k,50000,3,31,191.5,qaulowe0,reacher-hard-v0_3_20260728-165747_Ours+curiosity_res_buf50k_ftlr0.0001_clip1.0_A10.0_On0.0_anlFalse
50k,50000,3,32,1.100000023841858,qaulowe0,reacher-hard-v0_3_20260728-165747_Ours+curiosity_res_buf50k_ftlr0.0001_clip1.0_A10.0_On0.0_anlFalse
50k,50000,3,33,287.29998779296875,qaulowe0,reacher-hard-v0_3_20260728-165747_Ours+curiosity_res_buf50k_ftlr0.0001_clip1.0_A10.0_On0.0_anlFalse
50k,50000,3,34,193.6999969482422,qaulowe0,reacher-hard-v0_3_20260728-165747_Ours+curiosity_res_buf50k_ftlr0.0001_clip1.0_A10.0_On0.0_anlFalse
50k,50000,3,35,94.4000015258789,qaulowe0,reacher-hard-v0_3_20260728-165747_Ours+curiosity_res_buf50k_ftlr0.0001_clip1.0_A10.0_On0.0_anlFalse
50k,50000,3,36,204.39999389648438,qaulowe0,reacher-hard-v0_3_20260728-165747_Ours+curiosity_res_buf50k_ftlr0.0001_clip1.0_A10.0_On0.0_anlFalse
50k,50000,3,37,511.79998779296875,qaulowe0,reacher-hard-v0_3_20260728-165747_Ours+curiosity_res_buf50k_ftlr0.0001_clip1.0_A10.0_On0.0_anlFalse
50k,50000,3,38,551.0999755859375,qaulowe0,reacher-hard-v0_3_20260728-165747_Ours+curiosity_res_buf50k_ftlr0.0001_clip1.0_A10.0_On0.0_anlFalse
50k,50000,3,39,471,qaulowe0,reacher-hard-v0_3_20260728-165747_Ours+curiosity_res_buf50k_ftlr0.0001_clip1.0_A10.0_On0.0_anlFalse
50k,50000,3,40,187.10000610351562,qaulowe0,reacher-hard-v0_3_20260728-165747_Ours+curiosity_res_buf50k_ftlr0.0001_clip1.0_A10.0_On0.0_anlFalse
50k,50000,3,41,271.20001220703125,qaulowe0,reacher-hard-v0_3_20260728-165747_Ours+curiosity_res_buf50k_ftlr0.0001_clip1.0_A10.0_On0.0_anlFalse
50k,50000,3,42,96,qaulowe0,reacher-hard-v0_3_20260728-165747_Ours+curiosity_res_buf50k_ftlr0.0001_clip1.0_A10.0_On0.0_anlFalse
50k,50000,3,43,206.5,qaulowe0,reacher-hard-v0_3_20260728-165747_Ours+curiosity_res_buf50k_ftlr0.0001_clip1.0_A10.0_On0.0_anlFalse
50k,50000,3,44,193.5,qaulowe0,reacher-hard-v0_3_20260728-165747_Ours+curiosity_res_buf50k_ftlr0.0001_clip1.0_A10.0_On0.0_anlFalse
50k,50000,3,45,217.1999969482422,qaulowe0,reacher-hard-v0_3_20260728-165747_Ours+curiosity_res_buf50k_ftlr0.0001_clip1.0_A10.0_On0.0_anlFalse
50k,50000,3,46,481,qaulowe0,reacher-hard-v0_3_20260728-165747_Ours+curiosity_res_buf50k_ftlr0.0001_clip1.0_A10.0_On0.0_anlFalse
50k,50000,3,47,239.39999389648438,qaulowe0,reacher-hard-v0_3_20260728-165747_Ours+curiosity_res_buf50k_ftlr0.0001_clip1.0_A10.0_On0.0_anlFalse
50k,50000,3,48,100.19999694824219,qaulowe0,reacher-hard-v0_3_20260728-165747_Ours+curiosity_res_buf50k_ftlr0.0001_clip1.0_A10.0_On0.0_anlFalse
50k,50000,3,49,313.1000061035156,qaulowe0,reacher-hard-v0_3_20260728-165747_Ours+curiosity_res_buf50k_ftlr0.0001_clip1.0_A10.0_On0.0_anlFalse
50k,50000,3,50,0,qaulowe0,reacher-hard-v0_3_20260728-165747_Ours+curiosity_res_buf50k_ftlr0.0001_clip1.0_A10.0_On0.0_anlFalse
50k,50000,3,51,87.5999984741211,qaulowe0,reacher-hard-v0_3_20260728-165747_Ours+curiosity_res_buf50k_ftlr0.0001_clip1.0_A10.0_On0.0_anlFalse
50k,50000,3,52,179.60000610351562,qaulowe0,reacher-hard-v0_3_20260728-165747_Ours+curiosity_res_buf50k_ftlr0.0001_clip1.0_A10.0_On0.0_anlFalse
50k,50000,3,53,597.7000122070312,qaulowe0,reacher-hard-v0_3_20260728-165747_Ours+curiosity_res_buf50k_ftlr0.0001_clip1.0_A10.0_On0.0_anlFalse
50k,50000,3,54,293.8999938964844,qaulowe0,reacher-hard-v0_3_20260728-165747_Ours+curiosity_res_buf50k_ftlr0.0001_clip1.0_A10.0_On0.0_anlFalse
50k,50000,3,55,271.29998779296875,qaulowe0,reacher-hard-v0_3_20260728-165747_Ours+curiosity_res_buf50k_ftlr0.0001_clip1.0_A10.0_On0.0_anlFalse
50k,50000,3,56,387.8999938964844,qaulowe0,reacher-hard-v0_3_20260728-165747_Ours+curiosity_res_buf50k_ftlr0.0001_clip1.0_A10.0_On0.0_anlFalse
50k,50000,3,57,92.5999984741211,qaulowe0,reacher-hard-v0_3_20260728-165747_Ours+curiosity_res_buf50k_ftlr0.0001_clip1.0_A10.0_On0.0_anlFalse
50k,50000,3,58,193.10000610351562,qaulowe0,reacher-hard-v0_3_20260728-165747_Ours+curiosity_res_buf50k_ftlr0.0001_clip1.0_A10.0_On0.0_anlFalse
50k,50000,3,59,185.60000610351562,qaulowe0,reacher-hard-v0_3_20260728-165747_Ours+curiosity_res_buf50k_ftlr0.0001_clip1.0_A10.0_On0.0_anlFalse
50k,50000,3,60,289.20001220703125,qaulowe0,reacher-hard-v0_3_20260728-165747_Ours+curiosity_res_buf50k_ftlr0.0001_clip1.0_A10.0_On0.0_anlFalse
50k,50000,3,61,194.6999969482422,qaulowe0,reacher-hard-v0_3_20260728-165747_Ours+curiosity_res_buf50k_ftlr0.0001_clip1.0_A10.0_On0.0_anlFalse
50k,50000,3,62,183.8000030517578,qaulowe0,reacher-hard-v0_3_20260728-165747_Ours+curiosity_res_buf50k_ftlr0.0001_clip1.0_A10.0_On0.0_anlFalse
50k,50000,3,63,193.3000030517578,qaulowe0,reacher-hard-v0_3_20260728-165747_Ours+curiosity_res_buf50k_ftlr0.0001_clip1.0_A10.0_On0.0_anlFalse
50k,50000,3,64,374.70001220703125,qaulowe0,reacher-hard-v0_3_20260728-165747_Ours+curiosity_res_buf50k_ftlr0.0001_clip1.0_A10.0_On0.0_anlFalse
50k,50000,3,65,752.0999755859375,qaulowe0,reacher-hard-v0_3_20260728-165747_Ours+curiosity_res_buf50k_ftlr0.0001_clip1.0_A10.0_On0.0_anlFalse
50k,50000,3,66,281.3999938964844,qaulowe0,reacher-hard-v0_3_20260728-165747_Ours+curiosity_res_buf50k_ftlr0.0001_clip1.0_A10.0_On0.0_anlFalse
50k,50000,3,67,264,qaulowe0,reacher-hard-v0_3_20260728-165747_Ours+curiosity_res_buf50k_ftlr0.0001_clip1.0_A10.0_On0.0_anlFalse
50k,50000,3,68,293.20001220703125,qaulowe0,reacher-hard-v0_3_20260728-165747_Ours+curiosity_res_buf50k_ftlr0.0001_clip1.0_A10.0_On0.0_anlFalse
50k,50000,3,69,480.6000061035156,qaulowe0,reacher-hard-v0_3_20260728-165747_Ours+curiosity_res_buf50k_ftlr0.0001_clip1.0_A10.0_On0.0_anlFalse
50k,50000,3,70,384.8999938964844,qaulowe0,reacher-hard-v0_3_20260728-165747_Ours+curiosity_res_buf50k_ftlr0.0001_clip1.0_A10.0_On0.0_anlFalse
50k,50000,3,71,575.0999755859375,qaulowe0,reacher-hard-v0_3_20260728-165747_Ours+curiosity_res_buf50k_ftlr0.0001_clip1.0_A10.0_On0.0_anlFalse
50k,50000,3,72,292.29998779296875,qaulowe0,reacher-hard-v0_3_20260728-165747_Ours+curiosity_res_buf50k_ftlr0.0001_clip1.0_A10.0_On0.0_anlFalse
50k,50000,3,73,766.2000122070312,qaulowe0,reacher-hard-v0_3_20260728-165747_Ours+curiosity_res_buf50k_ftlr0.0001_clip1.0_A10.0_On0.0_anlFalse
50k,50000,3,74,195.5,qaulowe0,reacher-hard-v0_3_20260728-165747_Ours+curiosity_res_buf50k_ftlr0.0001_clip1.0_A10.0_On0.0_anlFalse
50k,50000,3,75,574.7999877929688,qaulowe0,reacher-hard-v0_3_20260728-165747_Ours+curiosity_res_buf50k_ftlr0.0001_clip1.0_A10.0_On0.0_anlFalse
50k,50000,3,76,218.1999969482422,qaulowe0,reacher-hard-v0_3_20260728-165747_Ours+curiosity_res_buf50k_ftlr0.0001_clip1.0_A10.0_On0.0_anlFalse
50k,50000,3,77,482.1000061035156,qaulowe0,reacher-hard-v0_3_20260728-165747_Ours+curiosity_res_buf50k_ftlr0.0001_clip1.0_A10.0_On0.0_anlFalse
50k,50000,3,78,493,qaulowe0,reacher-hard-v0_3_20260728-165747_Ours+curiosity_res_buf50k_ftlr0.0001_clip1.0_A10.0_On0.0_anlFalse
50k,50000,3,79,287.8999938964844,qaulowe0,reacher-hard-v0_3_20260728-165747_Ours+curiosity_res_buf50k_ftlr0.0001_clip1.0_A10.0_On0.0_anlFalse
50k,50000,3,80,284.20001220703125,qaulowe0,reacher-hard-v0_3_20260728-165747_Ours+curiosity_res_buf50k_ftlr0.0001_clip1.0_A10.0_On0.0_anlFalse
50k,50000,3,81,469,qaulowe0,reacher-hard-v0_3_20260728-165747_Ours+curiosity_res_buf50k_ftlr0.0001_clip1.0_A10.0_On0.0_anlFalse
50k,50000,3,82,772.7999877929688,qaulowe0,reacher-hard-v0_3_20260728-165747_Ours+curiosity_res_buf50k_ftlr0.0001_clip1.0_A10.0_On0.0_anlFalse
50k,50000,3,83,436.79998779296875,qaulowe0,reacher-hard-v0_3_20260728-165747_Ours+curiosity_res_buf50k_ftlr0.0001_clip1.0_A10.0_On0.0_anlFalse
50k,50000,3,84,384.29998779296875,qaulowe0,reacher-hard-v0_3_20260728-165747_Ours+curiosity_res_buf50k_ftlr0.0001_clip1.0_A10.0_On0.0_anlFalse
50k,50000,3,85,386.5,qaulowe0,reacher-hard-v0_3_20260728-165747_Ours+curiosity_res_buf50k_ftlr0.0001_clip1.0_A10.0_On0.0_anlFalse
50k,50000,3,86,375.1000061035156,qaulowe0,reacher-hard-v0_3_20260728-165747_Ours+curiosity_res_buf50k_ftlr0.0001_clip1.0_A10.0_On0.0_anlFalse
50k,50000,3,87,194.89999389648438,qaulowe0,reacher-hard-v0_3_20260728-165747_Ours+curiosity_res_buf50k_ftlr0.0001_clip1.0_A10.0_On0.0_anlFalse
50k,50000,3,88,478.29998779296875,qaulowe0,reacher-hard-v0_3_20260728-165747_Ours+curiosity_res_buf50k_ftlr0.0001_clip1.0_A10.0_On0.0_anlFalse
50k,50000,3,89,296.70001220703125,qaulowe0,reacher-hard-v0_3_20260728-165747_Ours+curiosity_res_buf50k_ftlr0.0001_clip1.0_A10.0_On0.0_anlFalse
50k,50000,3,90,380.6000061035156,qaulowe0,reacher-hard-v0_3_20260728-165747_Ours+curiosity_res_buf50k_ftlr0.0001_clip1.0_A10.0_On0.0_anlFalse
50k,50000,3,91,315.6000061035156,qaulowe0,reacher-hard-v0_3_20260728-165747_Ours+curiosity_res_buf50k_ftlr0.0001_clip1.0_A10.0_On0.0_anlFalse
50k,50000,3,92,477.79998779296875,qaulowe0,reacher-hard-v0_3_20260728-165747_Ours+curiosity_res_buf50k_ftlr0.0001_clip1.0_A10.0_On0.0_anlFalse
50k,50000,3,93,287,qaulowe0,reacher-hard-v0_3_20260728-165747_Ours+curiosity_res_buf50k_ftlr0.0001_clip1.0_A10.0_On0.0_anlFalse
50k,50000,3,94,863.9000244140625,qaulowe0,reacher-hard-v0_3_20260728-165747_Ours+curiosity_res_buf50k_ftlr0.0001_clip1.0_A10.0_On0.0_anlFalse
50k,50000,3,95,484.1000061035156,qaulowe0,reacher-hard-v0_3_20260728-165747_Ours+curiosity_res_buf50k_ftlr0.0001_clip1.0_A10.0_On0.0_anlFalse
50k,50000,3,96,479.6000061035156,qaulowe0,reacher-hard-v0_3_20260728-165747_Ours+curiosity_res_buf50k_ftlr0.0001_clip1.0_A10.0_On0.0_anlFalse
50k,50000,3,97,476.5,qaulowe0,reacher-hard-v0_3_20260728-165747_Ours+curiosity_res_buf50k_ftlr0.0001_clip1.0_A10.0_On0.0_anlFalse
50k,50000,3,98,385.20001220703125,qaulowe0,reacher-hard-v0_3_20260728-165747_Ours+curiosity_res_buf50k_ftlr0.0001_clip1.0_A10.0_On0.0_anlFalse
50k,50000,3,99,287.70001220703125,qaulowe0,reacher-hard-v0_3_20260728-165747_Ours+curiosity_res_buf50k_ftlr0.0001_clip1.0_A10.0_On0.0_anlFalse
50k,50000,2,0,11,ewwma1u7,reacher-hard-v0_2_20260728-180843_Ours+curiosity_res_buf50k_ftlr0.0001_clip1.0_A10.0_On0.0_anlFalse
50k,50000,2,1,2.5,ewwma1u7,reacher-hard-v0_2_20260728-180843_Ours+curiosity_res_buf50k_ftlr0.0001_clip1.0_A10.0_On0.0_anlFalse
50k,50000,2,2,24.600000381469727,ewwma1u7,reacher-hard-v0_2_20260728-180843_Ours+curiosity_res_buf50k_ftlr0.0001_clip1.0_A10.0_On0.0_anlFalse
50k,50000,2,3,11,ewwma1u7,reacher-hard-v0_2_20260728-180843_Ours+curiosity_res_buf50k_ftlr0.0001_clip1.0_A10.0_On0.0_anlFalse
50k,50000,2,4,12.300000190734863,ewwma1u7,reacher-hard-v0_2_20260728-180843_Ours+curiosity_res_buf50k_ftlr0.0001_clip1.0_A10.0_On0.0_anlFalse
50k,50000,2,5,1.399999976158142,ewwma1u7,reacher-hard-v0_2_20260728-180843_Ours+curiosity_res_buf50k_ftlr0.0001_clip1.0_A10.0_On0.0_anlFalse
50k,50000,2,6,0,ewwma1u7,reacher-hard-v0_2_20260728-180843_Ours+curiosity_res_buf50k_ftlr0.0001_clip1.0_A10.0_On0.0_anlFalse
50k,50000,2,7,0,ewwma1u7,reacher-hard-v0_2_20260728-180843_Ours+curiosity_res_buf50k_ftlr0.0001_clip1.0_A10.0_On0.0_anlFalse
50k,50000,2,8,0.6000000238418579,ewwma1u7,reacher-hard-v0_2_20260728-180843_Ours+curiosity_res_buf50k_ftlr0.0001_clip1.0_A10.0_On0.0_anlFalse
50k,50000,2,9,0.5,ewwma1u7,reacher-hard-v0_2_20260728-180843_Ours+curiosity_res_buf50k_ftlr0.0001_clip1.0_A10.0_On0.0_anlFalse
50k,50000,2,10,1.2999999523162842,ewwma1u7,reacher-hard-v0_2_20260728-180843_Ours+curiosity_res_buf50k_ftlr0.0001_clip1.0_A10.0_On0.0_anlFalse
50k,50000,2,11,97.80000305175781,ewwma1u7,reacher-hard-v0_2_20260728-180843_Ours+curiosity_res_buf50k_ftlr0.0001_clip1.0_A10.0_On0.0_anlFalse
50k,50000,2,12,97.5999984741211,ewwma1u7,reacher-hard-v0_2_20260728-180843_Ours+curiosity_res_buf50k_ftlr0.0001_clip1.0_A10.0_On0.0_anlFalse
50k,50000,2,13,0.30000001192092896,ewwma1u7,reacher-hard-v0_2_20260728-180843_Ours+curiosity_res_buf50k_ftlr0.0001_clip1.0_A10.0_On0.0_anlFalse
50k,50000,2,14,97.69999694824219,ewwma1u7,reacher-hard-v0_2_20260728-180843_Ours+curiosity_res_buf50k_ftlr0.0001_clip1.0_A10.0_On0.0_anlFalse
50k,50000,2,15,1.2999999523162842,ewwma1u7,reacher-hard-v0_2_20260728-180843_Ours+curiosity_res_buf50k_ftlr0.0001_clip1.0_A10.0_On0.0_anlFalse
50k,50000,2,16,0.5,ewwma1u7,reacher-hard-v0_2_20260728-180843_Ours+curiosity_res_buf50k_ftlr0.0001_clip1.0_A10.0_On0.0_anlFalse
50k,50000,2,17,92.4000015258789,ewwma1u7,reacher-hard-v0_2_20260728-180843_Ours+curiosity_res_buf50k_ftlr0.0001_clip1.0_A10.0_On0.0_anlFalse
50k,50000,2,18,88.4000015258789,ewwma1u7,reacher-hard-v0_2_20260728-180843_Ours+curiosity_res_buf50k_ftlr0.0001_clip1.0_A10.0_On0.0_anlFalse
50k,50000,2,19,88.69999694824219,ewwma1u7,reacher-hard-v0_2_20260728-180843_Ours+curiosity_res_buf50k_ftlr0.0001_clip1.0_A10.0_On0.0_anlFalse
50k,50000,2,20,96.80000305175781,ewwma1u7,reacher-hard-v0_2_20260728-180843_Ours+curiosity_res_buf50k_ftlr0.0001_clip1.0_A10.0_On0.0_anlFalse
50k,50000,2,21,291.70001220703125,ewwma1u7,reacher-hard-v0_2_20260728-180843_Ours+curiosity_res_buf50k_ftlr0.0001_clip1.0_A10.0_On0.0_anlFalse
50k,50000,2,22,186.89999389648438,ewwma1u7,reacher-hard-v0_2_20260728-180843_Ours+curiosity_res_buf50k_ftlr0.0001_clip1.0_A10.0_On0.0_anlFalse
50k,50000,2,23,386.70001220703125,ewwma1u7,reacher-hard-v0_2_20260728-180843_Ours+curiosity_res_buf50k_ftlr0.0001_clip1.0_A10.0_On0.0_anlFalse
50k,50000,2,24,94.9000015258789,ewwma1u7,reacher-hard-v0_2_20260728-180843_Ours+curiosity_res_buf50k_ftlr0.0001_clip1.0_A10.0_On0.0_anlFalse
50k,50000,2,25,390,ewwma1u7,reacher-hard-v0_2_20260728-180843_Ours+curiosity_res_buf50k_ftlr0.0001_clip1.0_A10.0_On0.0_anlFalse
50k,50000,2,26,98.19999694824219,ewwma1u7,reacher-hard-v0_2_20260728-180843_Ours+curiosity_res_buf50k_ftlr0.0001_clip1.0_A10.0_On0.0_anlFalse
50k,50000,2,27,100,ewwma1u7,reacher-hard-v0_2_20260728-180843_Ours+curiosity_res_buf50k_ftlr0.0001_clip1.0_A10.0_On0.0_anlFalse
50k,50000,2,28,339.20001220703125,ewwma1u7,reacher-hard-v0_2_20260728-180843_Ours+curiosity_res_buf50k_ftlr0.0001_clip1.0_A10.0_On0.0_anlFalse
50k,50000,2,29,482.6000061035156,ewwma1u7,reacher-hard-v0_2_20260728-180843_Ours+curiosity_res_buf50k_ftlr0.0001_clip1.0_A10.0_On0.0_anlFalse
50k,50000,2,30,198.6999969482422,ewwma1u7,reacher-hard-v0_2_20260728-180843_Ours+curiosity_res_buf50k_ftlr0.0001_clip1.0_A10.0_On0.0_anlFalse
50k,50000,2,31,487.20001220703125,ewwma1u7,reacher-hard-v0_2_20260728-180843_Ours+curiosity_res_buf50k_ftlr0.0001_clip1.0_A10.0_On0.0_anlFalse
50k,50000,2,32,289.3999938964844,ewwma1u7,reacher-hard-v0_2_20260728-180843_Ours+curiosity_res_buf50k_ftlr0.0001_clip1.0_A10.0_On0.0_anlFalse
50k,50000,2,33,481,ewwma1u7,reacher-hard-v0_2_20260728-180843_Ours+curiosity_res_buf50k_ftlr0.0001_clip1.0_A10.0_On0.0_anlFalse
50k,50000,2,34,203.39999389648438,ewwma1u7,reacher-hard-v0_2_20260728-180843_Ours+curiosity_res_buf50k_ftlr0.0001_clip1.0_A10.0_On0.0_anlFalse
50k,50000,2,35,96.9000015258789,ewwma1u7,reacher-hard-v0_2_20260728-180843_Ours+curiosity_res_buf50k_ftlr0.0001_clip1.0_A10.0_On0.0_anlFalse
50k,50000,2,36,440.8999938964844,ewwma1u7,reacher-hard-v0_2_20260728-180843_Ours+curiosity_res_buf50k_ftlr0.0001_clip1.0_A10.0_On0.0_anlFalse
50k,50000,2,37,345.8999938964844,ewwma1u7,reacher-hard-v0_2_20260728-180843_Ours+curiosity_res_buf50k_ftlr0.0001_clip1.0_A10.0_On0.0_anlFalse
50k,50000,2,38,479,ewwma1u7,reacher-hard-v0_2_20260728-180843_Ours+curiosity_res_buf50k_ftlr0.0001_clip1.0_A10.0_On0.0_anlFalse
50k,50000,2,39,197,ewwma1u7,reacher-hard-v0_2_20260728-180843_Ours+curiosity_res_buf50k_ftlr0.0001_clip1.0_A10.0_On0.0_anlFalse
50k,50000,2,40,360.1000061035156,ewwma1u7,reacher-hard-v0_2_20260728-180843_Ours+curiosity_res_buf50k_ftlr0.0001_clip1.0_A10.0_On0.0_anlFalse
50k,50000,2,41,284,ewwma1u7,reacher-hard-v0_2_20260728-180843_Ours+curiosity_res_buf50k_ftlr0.0001_clip1.0_A10.0_On0.0_anlFalse
50k,50000,2,42,571.4000244140625,ewwma1u7,reacher-hard-v0_2_20260728-180843_Ours+curiosity_res_buf50k_ftlr0.0001_clip1.0_A10.0_On0.0_anlFalse
50k,50000,2,43,196.5,ewwma1u7,reacher-hard-v0_2_20260728-180843_Ours+curiosity_res_buf50k_ftlr0.0001_clip1.0_A10.0_On0.0_anlFalse
50k,50000,2,44,392.79998779296875,ewwma1u7,reacher-hard-v0_2_20260728-180843_Ours+curiosity_res_buf50k_ftlr0.0001_clip1.0_A10.0_On0.0_anlFalse
50k,50000,2,45,97.30000305175781,ewwma1u7,reacher-hard-v0_2_20260728-180843_Ours+curiosity_res_buf50k_ftlr0.0001_clip1.0_A10.0_On0.0_anlFalse
50k,50000,2,46,482.20001220703125,ewwma1u7,reacher-hard-v0_2_20260728-180843_Ours+curiosity_res_buf50k_ftlr0.0001_clip1.0_A10.0_On0.0_anlFalse
50k,50000,2,47,200.3000030517578,ewwma1u7,reacher-hard-v0_2_20260728-180843_Ours+curiosity_res_buf50k_ftlr0.0001_clip1.0_A10.0_On0.0_anlFalse
50k,50000,2,48,476.5,ewwma1u7,reacher-hard-v0_2_20260728-180843_Ours+curiosity_res_buf50k_ftlr0.0001_clip1.0_A10.0_On0.0_anlFalse
50k,50000,2,49,543.4000244140625,ewwma1u7,reacher-hard-v0_2_20260728-180843_Ours+curiosity_res_buf50k_ftlr0.0001_clip1.0_A10.0_On0.0_anlFalse
50k,50000,2,50,384.1000061035156,ewwma1u7,reacher-hard-v0_2_20260728-180843_Ours+curiosity_res_buf50k_ftlr0.0001_clip1.0_A10.0_On0.0_anlFalse
50k,50000,2,51,566,ewwma1u7,reacher-hard-v0_2_20260728-180843_Ours+curiosity_res_buf50k_ftlr0.0001_clip1.0_A10.0_On0.0_anlFalse
50k,50000,2,52,94.9000015258789,ewwma1u7,reacher-hard-v0_2_20260728-180843_Ours+curiosity_res_buf50k_ftlr0.0001_clip1.0_A10.0_On0.0_anlFalse
50k,50000,2,53,177.39999389648438,ewwma1u7,reacher-hard-v0_2_20260728-180843_Ours+curiosity_res_buf50k_ftlr0.0001_clip1.0_A10.0_On0.0_anlFalse
50k,50000,2,54,482.5,ewwma1u7,reacher-hard-v0_2_20260728-180843_Ours+curiosity_res_buf50k_ftlr0.0001_clip1.0_A10.0_On0.0_anlFalse
50k,50000,2,55,380.20001220703125,ewwma1u7,reacher-hard-v0_2_20260728-180843_Ours+curiosity_res_buf50k_ftlr0.0001_clip1.0_A10.0_On0.0_anlFalse
50k,50000,2,56,296.8999938964844,ewwma1u7,reacher-hard-v0_2_20260728-180843_Ours+curiosity_res_buf50k_ftlr0.0001_clip1.0_A10.0_On0.0_anlFalse
50k,50000,2,57,407,ewwma1u7,reacher-hard-v0_2_20260728-180843_Ours+curiosity_res_buf50k_ftlr0.0001_clip1.0_A10.0_On0.0_anlFalse
50k,50000,2,58,385.8999938964844,ewwma1u7,reacher-hard-v0_2_20260728-180843_Ours+curiosity_res_buf50k_ftlr0.0001_clip1.0_A10.0_On0.0_anlFalse
50k,50000,2,59,552.0999755859375,ewwma1u7,reacher-hard-v0_2_20260728-180843_Ours+curiosity_res_buf50k_ftlr0.0001_clip1.0_A10.0_On0.0_anlFalse
50k,50000,2,60,564.4000244140625,ewwma1u7,reacher-hard-v0_2_20260728-180843_Ours+curiosity_res_buf50k_ftlr0.0001_clip1.0_A10.0_On0.0_anlFalse
50k,50000,2,61,749.9000244140625,ewwma1u7,reacher-hard-v0_2_20260728-180843_Ours+curiosity_res_buf50k_ftlr0.0001_clip1.0_A10.0_On0.0_anlFalse
50k,50000,2,62,656.0999755859375,ewwma1u7,reacher-hard-v0_2_20260728-180843_Ours+curiosity_res_buf50k_ftlr0.0001_clip1.0_A10.0_On0.0_anlFalse
50k,50000,2,63,583.0999755859375,ewwma1u7,reacher-hard-v0_2_20260728-180843_Ours+curiosity_res_buf50k_ftlr0.0001_clip1.0_A10.0_On0.0_anlFalse
50k,50000,2,64,481.3999938964844,ewwma1u7,reacher-hard-v0_2_20260728-180843_Ours+curiosity_res_buf50k_ftlr0.0001_clip1.0_A10.0_On0.0_anlFalse
50k,50000,2,65,292.3999938964844,ewwma1u7,reacher-hard-v0_2_20260728-180843_Ours+curiosity_res_buf50k_ftlr0.0001_clip1.0_A10.0_On0.0_anlFalse
50k,50000,2,66,292.6000061035156,ewwma1u7,reacher-hard-v0_2_20260728-180843_Ours+curiosity_res_buf50k_ftlr0.0001_clip1.0_A10.0_On0.0_anlFalse
50k,50000,2,67,384.5,ewwma1u7,reacher-hard-v0_2_20260728-180843_Ours+curiosity_res_buf50k_ftlr0.0001_clip1.0_A10.0_On0.0_anlFalse
50k,50000,2,68,486.1000061035156,ewwma1u7,reacher-hard-v0_2_20260728-180843_Ours+curiosity_res_buf50k_ftlr0.0001_clip1.0_A10.0_On0.0_anlFalse
50k,50000,2,69,581,ewwma1u7,reacher-hard-v0_2_20260728-180843_Ours+curiosity_res_buf50k_ftlr0.0001_clip1.0_A10.0_On0.0_anlFalse
50k,50000,2,70,477,ewwma1u7,reacher-hard-v0_2_20260728-180843_Ours+curiosity_res_buf50k_ftlr0.0001_clip1.0_A10.0_On0.0_anlFalse
50k,50000,2,71,780,ewwma1u7,reacher-hard-v0_2_20260728-180843_Ours+curiosity_res_buf50k_ftlr0.0001_clip1.0_A10.0_On0.0_anlFalse
50k,50000,2,72,768.7000122070312,ewwma1u7,reacher-hard-v0_2_20260728-180843_Ours+curiosity_res_buf50k_ftlr0.0001_clip1.0_A10.0_On0.0_anlFalse
50k,50000,2,73,655.2000122070312,ewwma1u7,reacher-hard-v0_2_20260728-180843_Ours+curiosity_res_buf50k_ftlr0.0001_clip1.0_A10.0_On0.0_anlFalse
50k,50000,2,74,481.79998779296875,ewwma1u7,reacher-hard-v0_2_20260728-180843_Ours+curiosity_res_buf50k_ftlr0.0001_clip1.0_A10.0_On0.0_anlFalse
50k,50000,2,75,668.5,ewwma1u7,reacher-hard-v0_2_20260728-180843_Ours+curiosity_res_buf50k_ftlr0.0001_clip1.0_A10.0_On0.0_anlFalse
50k,50000,2,76,481.5,ewwma1u7,reacher-hard-v0_2_20260728-180843_Ours+curiosity_res_buf50k_ftlr0.0001_clip1.0_A10.0_On0.0_anlFalse
50k,50000,2,77,379.70001220703125,ewwma1u7,reacher-hard-v0_2_20260728-180843_Ours+curiosity_res_buf50k_ftlr0.0001_clip1.0_A10.0_On0.0_anlFalse
50k,50000,2,78,659.7000122070312,ewwma1u7,reacher-hard-v0_2_20260728-180843_Ours+curiosity_res_buf50k_ftlr0.0001_clip1.0_A10.0_On0.0_anlFalse
50k,50000,2,79,577.4000244140625,ewwma1u7,reacher-hard-v0_2_20260728-180843_Ours+curiosity_res_buf50k_ftlr0.0001_clip1.0_A10.0_On0.0_anlFalse
50k,50000,2,80,767.7000122070312,ewwma1u7,reacher-hard-v0_2_20260728-180843_Ours+curiosity_res_buf50k_ftlr0.0001_clip1.0_A10.0_On0.0_anlFalse
50k,50000,2,81,822.7999877929688,ewwma1u7,reacher-hard-v0_2_20260728-180843_Ours+curiosity_res_buf50k_ftlr0.0001_clip1.0_A10.0_On0.0_anlFalse
50k,50000,2,82,718,ewwma1u7,reacher-hard-v0_2_20260728-180843_Ours+curiosity_res_buf50k_ftlr0.0001_clip1.0_A10.0_On0.0_anlFalse
50k,50000,2,83,667.4000244140625,ewwma1u7,reacher-hard-v0_2_20260728-180843_Ours+curiosity_res_buf50k_ftlr0.0001_clip1.0_A10.0_On0.0_anlFalse
50k,50000,2,84,479.29998779296875,ewwma1u7,reacher-hard-v0_2_20260728-180843_Ours+curiosity_res_buf50k_ftlr0.0001_clip1.0_A10.0_On0.0_anlFalse
50k,50000,2,85,481.20001220703125,ewwma1u7,reacher-hard-v0_2_20260728-180843_Ours+curiosity_res_buf50k_ftlr0.0001_clip1.0_A10.0_On0.0_anlFalse
50k,50000,2,86,687.2000122070312,ewwma1u7,reacher-hard-v0_2_20260728-180843_Ours+curiosity_res_buf50k_ftlr0.0001_clip1.0_A10.0_On0.0_anlFalse
50k,50000,2,87,864,ewwma1u7,reacher-hard-v0_2_20260728-180843_Ours+curiosity_res_buf50k_ftlr0.0001_clip1.0_A10.0_On0.0_anlFalse
50k,50000,2,88,954.2000122070312,ewwma1u7,reacher-hard-v0_2_20260728-180843_Ours+curiosity_res_buf50k_ftlr0.0001_clip1.0_A10.0_On0.0_anlFalse
50k,50000,2,89,475.6000061035156,ewwma1u7,reacher-hard-v0_2_20260728-180843_Ours+curiosity_res_buf50k_ftlr0.0001_clip1.0_A10.0_On0.0_anlFalse
50k,50000,2,90,868.5999755859375,ewwma1u7,reacher-hard-v0_2_20260728-180843_Ours+curiosity_res_buf50k_ftlr0.0001_clip1.0_A10.0_On0.0_anlFalse
50k,50000,2,91,572.2999877929688,ewwma1u7,reacher-hard-v0_2_20260728-180843_Ours+curiosity_res_buf50k_ftlr0.0001_clip1.0_A10.0_On0.0_anlFalse
50k,50000,2,92,493.6000061035156,ewwma1u7,reacher-hard-v0_2_20260728-180843_Ours+curiosity_res_buf50k_ftlr0.0001_clip1.0_A10.0_On0.0_anlFalse
50k,50000,2,93,418.3999938964844,ewwma1u7,reacher-hard-v0_2_20260728-180843_Ours+curiosity_res_buf50k_ftlr0.0001_clip1.0_A10.0_On0.0_anlFalse
50k,50000,2,94,435.5,ewwma1u7,reacher-hard-v0_2_20260728-180843_Ours+curiosity_res_buf50k_ftlr0.0001_clip1.0_A10.0_On0.0_anlFalse
50k,50000,2,95,575.5,ewwma1u7,reacher-hard-v0_2_20260728-180843_Ours+curiosity_res_buf50k_ftlr0.0001_clip1.0_A10.0_On0.0_anlFalse
50k,50000,2,96,285.79998779296875,ewwma1u7,reacher-hard-v0_2_20260728-180843_Ours+curiosity_res_buf50k_ftlr0.0001_clip1.0_A10.0_On0.0_anlFalse
50k,50000,2,97,198.3000030517578,ewwma1u7,reacher-hard-v0_2_20260728-180843_Ours+curiosity_res_buf50k_ftlr0.0001_clip1.0_A10.0_On0.0_anlFalse
50k,50000,2,98,191.3000030517578,ewwma1u7,reacher-hard-v0_2_20260728-180843_Ours+curiosity_res_buf50k_ftlr0.0001_clip1.0_A10.0_On0.0_anlFalse
50k,50000,2,99,98.30000305175781,ewwma1u7,reacher-hard-v0_2_20260728-180843_Ours+curiosity_res_buf50k_ftlr0.0001_clip1.0_A10.0_On0.0_anlFalse
50k,50000,1,0,1.2000000476837158,vd3gx3ri,reacher-hard-v0_1_20260728-180843_Ours+curiosity_res_buf50k_ftlr0.0001_clip1.0_A10.0_On0.0_anlFalse
50k,50000,1,1,0,vd3gx3ri,reacher-hard-v0_1_20260728-180843_Ours+curiosity_res_buf50k_ftlr0.0001_clip1.0_A10.0_On0.0_anlFalse
50k,50000,1,2,1.2000000476837158,vd3gx3ri,reacher-hard-v0_1_20260728-180843_Ours+curiosity_res_buf50k_ftlr0.0001_clip1.0_A10.0_On0.0_anlFalse
50k,50000,1,3,13.899999618530273,vd3gx3ri,reacher-hard-v0_1_20260728-180843_Ours+curiosity_res_buf50k_ftlr0.0001_clip1.0_A10.0_On0.0_anlFalse
50k,50000,1,4,10.100000381469727,vd3gx3ri,reacher-hard-v0_1_20260728-180843_Ours+curiosity_res_buf50k_ftlr0.0001_clip1.0_A10.0_On0.0_anlFalse
50k,50000,1,5,1.899999976158142,vd3gx3ri,reacher-hard-v0_1_20260728-180843_Ours+curiosity_res_buf50k_ftlr0.0001_clip1.0_A10.0_On0.0_anlFalse
50k,50000,1,6,25.399999618530273,vd3gx3ri,reacher-hard-v0_1_20260728-180843_Ours+curiosity_res_buf50k_ftlr0.0001_clip1.0_A10.0_On0.0_anlFalse
50k,50000,1,7,1.600000023841858,vd3gx3ri,reacher-hard-v0_1_20260728-180843_Ours+curiosity_res_buf50k_ftlr0.0001_clip1.0_A10.0_On0.0_anlFalse
50k,50000,1,8,4.800000190734863,vd3gx3ri,reacher-hard-v0_1_20260728-180843_Ours+curiosity_res_buf50k_ftlr0.0001_clip1.0_A10.0_On0.0_anlFalse
50k,50000,1,9,88.5999984741211,vd3gx3ri,reacher-hard-v0_1_20260728-180843_Ours+curiosity_res_buf50k_ftlr0.0001_clip1.0_A10.0_On0.0_anlFalse
50k,50000,1,10,0.800000011920929,vd3gx3ri,reacher-hard-v0_1_20260728-180843_Ours+curiosity_res_buf50k_ftlr0.0001_clip1.0_A10.0_On0.0_anlFalse
50k,50000,1,11,11.800000190734863,vd3gx3ri,reacher-hard-v0_1_20260728-180843_Ours+curiosity_res_buf50k_ftlr0.0001_clip1.0_A10.0_On0.0_anlFalse
50k,50000,1,12,0,vd3gx3ri,reacher-hard-v0_1_20260728-180843_Ours+curiosity_res_buf50k_ftlr0.0001_clip1.0_A10.0_On0.0_anlFalse
50k,50000,1,13,0,vd3gx3ri,reacher-hard-v0_1_20260728-180843_Ours+curiosity_res_buf50k_ftlr0.0001_clip1.0_A10.0_On0.0_anlFalse
50k,50000,1,14,17.100000381469727,vd3gx3ri,reacher-hard-v0_1_20260728-180843_Ours+curiosity_res_buf50k_ftlr0.0001_clip1.0_A10.0_On0.0_anlFalse
50k,50000,1,15,92.4000015258789,vd3gx3ri,reacher-hard-v0_1_20260728-180843_Ours+curiosity_res_buf50k_ftlr0.0001_clip1.0_A10.0_On0.0_anlFalse
50k,50000,1,16,94.80000305175781,vd3gx3ri,reacher-hard-v0_1_20260728-180843_Ours+curiosity_res_buf50k_ftlr0.0001_clip1.0_A10.0_On0.0_anlFalse
50k,50000,1,17,3.700000047683716,vd3gx3ri,reacher-hard-v0_1_20260728-180843_Ours+curiosity_res_buf50k_ftlr0.0001_clip1.0_A10.0_On0.0_anlFalse
50k,50000,1,18,1.600000023841858,vd3gx3ri,reacher-hard-v0_1_20260728-180843_Ours+curiosity_res_buf50k_ftlr0.0001_clip1.0_A10.0_On0.0_anlFalse
50k,50000,1,19,168.1999969482422,vd3gx3ri,reacher-hard-v0_1_20260728-180843_Ours+curiosity_res_buf50k_ftlr0.0001_clip1.0_A10.0_On0.0_anlFalse
50k,50000,1,20,94.4000015258789,vd3gx3ri,reacher-hard-v0_1_20260728-180843_Ours+curiosity_res_buf50k_ftlr0.0001_clip1.0_A10.0_On0.0_anlFalse
50k,50000,1,21,108.30000305175781,vd3gx3ri,reacher-hard-v0_1_20260728-180843_Ours+curiosity_res_buf50k_ftlr0.0001_clip1.0_A10.0_On0.0_anlFalse
50k,50000,1,22,282.70001220703125,vd3gx3ri,reacher-hard-v0_1_20260728-180843_Ours+curiosity_res_buf50k_ftlr0.0001_clip1.0_A10.0_On0.0_anlFalse
50k,50000,1,23,379.20001220703125,vd3gx3ri,reacher-hard-v0_1_20260728-180843_Ours+curiosity_res_buf50k_ftlr0.0001_clip1.0_A10.0_On0.0_anlFalse
50k,50000,1,24,281.5,vd3gx3ri,reacher-hard-v0_1_20260728-180843_Ours+curiosity_res_buf50k_ftlr0.0001_clip1.0_A10.0_On0.0_anlFalse
50k,50000,1,25,286.20001220703125,vd3gx3ri,reacher-hard-v0_1_20260728-180843_Ours+curiosity_res_buf50k_ftlr0.0001_clip1.0_A10.0_On0.0_anlFalse
50k,50000,1,26,472.6000061035156,vd3gx3ri,reacher-hard-v0_1_20260728-180843_Ours+curiosity_res_buf50k_ftlr0.0001_clip1.0_A10.0_On0.0_anlFalse
50k,50000,1,27,367.29998779296875,vd3gx3ri,reacher-hard-v0_1_20260728-180843_Ours+curiosity_res_buf50k_ftlr0.0001_clip1.0_A10.0_On0.0_anlFalse
50k,50000,1,28,467.3999938964844,vd3gx3ri,reacher-hard-v0_1_20260728-180843_Ours+curiosity_res_buf50k_ftlr0.0001_clip1.0_A10.0_On0.0_anlFalse
50k,50000,1,29,574,vd3gx3ri,reacher-hard-v0_1_20260728-180843_Ours+curiosity_res_buf50k_ftlr0.0001_clip1.0_A10.0_On0.0_anlFalse
50k,50000,1,30,463.79998779296875,vd3gx3ri,reacher-hard-v0_1_20260728-180843_Ours+curiosity_res_buf50k_ftlr0.0001_clip1.0_A10.0_On0.0_anlFalse
50k,50000,1,31,570.0999755859375,vd3gx3ri,reacher-hard-v0_1_20260728-180843_Ours+curiosity_res_buf50k_ftlr0.0001_clip1.0_A10.0_On0.0_anlFalse
50k,50000,1,32,454.6000061035156,vd3gx3ri,reacher-hard-v0_1_20260728-180843_Ours+curiosity_res_buf50k_ftlr0.0001_clip1.0_A10.0_On0.0_anlFalse
50k,50000,1,33,556.7999877929688,vd3gx3ri,reacher-hard-v0_1_20260728-180843_Ours+curiosity_res_buf50k_ftlr0.0001_clip1.0_A10.0_On0.0_anlFalse
50k,50000,1,34,377,vd3gx3ri,reacher-hard-v0_1_20260728-180843_Ours+curiosity_res_buf50k_ftlr0.0001_clip1.0_A10.0_On0.0_anlFalse
50k,50000,1,35,281.1000061035156,vd3gx3ri,reacher-hard-v0_1_20260728-180843_Ours+curiosity_res_buf50k_ftlr0.0001_clip1.0_A10.0_On0.0_anlFalse
50k,50000,1,36,386,vd3gx3ri,reacher-hard-v0_1_20260728-180843_Ours+curiosity_res_buf50k_ftlr0.0001_clip1.0_A10.0_On0.0_anlFalse
50k,50000,1,37,664,vd3gx3ri,reacher-hard-v0_1_20260728-180843_Ours+curiosity_res_buf50k_ftlr0.0001_clip1.0_A10.0_On0.0_anlFalse
50k,50000,1,38,657.9000244140625,vd3gx3ri,reacher-hard-v0_1_20260728-180843_Ours+curiosity_res_buf50k_ftlr0.0001_clip1.0_A10.0_On0.0_anlFalse
50k,50000,1,39,188.6999969482422,vd3gx3ri,reacher-hard-v0_1_20260728-180843_Ours+curiosity_res_buf50k_ftlr0.0001_clip1.0_A10.0_On0.0_anlFalse
50k,50000,1,40,375.8999938964844,vd3gx3ri,reacher-hard-v0_1_20260728-180843_Ours+curiosity_res_buf50k_ftlr0.0001_clip1.0_A10.0_On0.0_anlFalse
50k,50000,1,41,155.3000030517578,vd3gx3ri,reacher-hard-v0_1_20260728-180843_Ours+curiosity_res_buf50k_ftlr0.0001_clip1.0_A10.0_On0.0_anlFalse
50k,50000,1,42,662.4000244140625,vd3gx3ri,reacher-hard-v0_1_20260728-180843_Ours+curiosity_res_buf50k_ftlr0.0001_clip1.0_A10.0_On0.0_anlFalse
50k,50000,1,43,484.70001220703125,vd3gx3ri,reacher-hard-v0_1_20260728-180843_Ours+curiosity_res_buf50k_ftlr0.0001_clip1.0_A10.0_On0.0_anlFalse
50k,50000,1,44,390.1000061035156,vd3gx3ri,reacher-hard-v0_1_20260728-180843_Ours+curiosity_res_buf50k_ftlr0.0001_clip1.0_A10.0_On0.0_anlFalse
50k,50000,1,45,756.4000244140625,vd3gx3ri,reacher-hard-v0_1_20260728-180843_Ours+curiosity_res_buf50k_ftlr0.0001_clip1.0_A10.0_On0.0_anlFalse
50k,50000,1,46,657.5999755859375,vd3gx3ri,reacher-hard-v0_1_20260728-180843_Ours+curiosity_res_buf50k_ftlr0.0001_clip1.0_A10.0_On0.0_anlFalse
50k,50000,1,47,470.5,vd3gx3ri,reacher-hard-v0_1_20260728-180843_Ours+curiosity_res_buf50k_ftlr0.0001_clip1.0_A10.0_On0.0_anlFalse
50k,50000,1,48,568.4000244140625,vd3gx3ri,reacher-hard-v0_1_20260728-180843_Ours+curiosity_res_buf50k_ftlr0.0001_clip1.0_A10.0_On0.0_anlFalse
50k,50000,1,49,480.70001220703125,vd3gx3ri,reacher-hard-v0_1_20260728-180843_Ours+curiosity_res_buf50k_ftlr0.0001_clip1.0_A10.0_On0.0_anlFalse
50k,50000,1,50,774.7999877929688,vd3gx3ri,reacher-hard-v0_1_20260728-180843_Ours+curiosity_res_buf50k_ftlr0.0001_clip1.0_A10.0_On0.0_anlFalse
50k,50000,1,51,576.5,vd3gx3ri,reacher-hard-v0_1_20260728-180843_Ours+curiosity_res_buf50k_ftlr0.0001_clip1.0_A10.0_On0.0_anlFalse
50k,50000,1,52,483.5,vd3gx3ri,reacher-hard-v0_1_20260728-180843_Ours+curiosity_res_buf50k_ftlr0.0001_clip1.0_A10.0_On0.0_anlFalse
50k,50000,1,53,484.3999938964844,vd3gx3ri,reacher-hard-v0_1_20260728-180843_Ours+curiosity_res_buf50k_ftlr0.0001_clip1.0_A10.0_On0.0_anlFalse
50k,50000,1,54,545.5,vd3gx3ri,reacher-hard-v0_1_20260728-180843_Ours+curiosity_res_buf50k_ftlr0.0001_clip1.0_A10.0_On0.0_anlFalse
50k,50000,1,55,287.6000061035156,vd3gx3ri,reacher-hard-v0_1_20260728-180843_Ours+curiosity_res_buf50k_ftlr0.0001_clip1.0_A10.0_On0.0_anlFalse
50k,50000,1,56,296.8999938964844,vd3gx3ri,reacher-hard-v0_1_20260728-180843_Ours+curiosity_res_buf50k_ftlr0.0001_clip1.0_A10.0_On0.0_anlFalse
50k,50000,1,57,473,vd3gx3ri,reacher-hard-v0_1_20260728-180843_Ours+curiosity_res_buf50k_ftlr0.0001_clip1.0_A10.0_On0.0_anlFalse
50k,50000,1,58,478.8999938964844,vd3gx3ri,reacher-hard-v0_1_20260728-180843_Ours+curiosity_res_buf50k_ftlr0.0001_clip1.0_A10.0_On0.0_anlFalse
50k,50000,1,59,196.5,vd3gx3ri,reacher-hard-v0_1_20260728-180843_Ours+curiosity_res_buf50k_ftlr0.0001_clip1.0_A10.0_On0.0_anlFalse
50k,50000,1,60,570.7999877929688,vd3gx3ri,reacher-hard-v0_1_20260728-180843_Ours+curiosity_res_buf50k_ftlr0.0001_clip1.0_A10.0_On0.0_anlFalse
50k,50000,1,61,578.4000244140625,vd3gx3ri,reacher-hard-v0_1_20260728-180843_Ours+curiosity_res_buf50k_ftlr0.0001_clip1.0_A10.0_On0.0_anlFalse
50k,50000,1,62,814,vd3gx3ri,reacher-hard-v0_1_20260728-180843_Ours+curiosity_res_buf50k_ftlr0.0001_clip1.0_A10.0_On0.0_anlFalse
50k,50000,1,63,575.5,vd3gx3ri,reacher-hard-v0_1_20260728-180843_Ours+curiosity_res_buf50k_ftlr0.0001_clip1.0_A10.0_On0.0_anlFalse
50k,50000,1,64,523.4000244140625,vd3gx3ri,reacher-hard-v0_1_20260728-180843_Ours+curiosity_res_buf50k_ftlr0.0001_clip1.0_A10.0_On0.0_anlFalse
50k,50000,1,65,658.2999877929688,vd3gx3ri,reacher-hard-v0_1_20260728-180843_Ours+curiosity_res_buf50k_ftlr0.0001_clip1.0_A10.0_On0.0_anlFalse
50k,50000,1,66,759,vd3gx3ri,reacher-hard-v0_1_20260728-180843_Ours+curiosity_res_buf50k_ftlr0.0001_clip1.0_A10.0_On0.0_anlFalse
50k,50000,1,67,765.2999877929688,vd3gx3ri,reacher-hard-v0_1_20260728-180843_Ours+curiosity_res_buf50k_ftlr0.0001_clip1.0_A10.0_On0.0_anlFalse
50k,50000,1,68,762.5999755859375,vd3gx3ri,reacher-hard-v0_1_20260728-180843_Ours+curiosity_res_buf50k_ftlr0.0001_clip1.0_A10.0_On0.0_anlFalse
50k,50000,1,69,658,vd3gx3ri,reacher-hard-v0_1_20260728-180843_Ours+curiosity_res_buf50k_ftlr0.0001_clip1.0_A10.0_On0.0_anlFalse
50k,50000,1,70,768.2999877929688,vd3gx3ri,reacher-hard-v0_1_20260728-180843_Ours+curiosity_res_buf50k_ftlr0.0001_clip1.0_A10.0_On0.0_anlFalse
50k,50000,1,71,672.2999877929688,vd3gx3ri,reacher-hard-v0_1_20260728-180843_Ours+curiosity_res_buf50k_ftlr0.0001_clip1.0_A10.0_On0.0_anlFalse
50k,50000,1,72,772.4000244140625,vd3gx3ri,reacher-hard-v0_1_20260728-180843_Ours+curiosity_res_buf50k_ftlr0.0001_clip1.0_A10.0_On0.0_anlFalse
50k,50000,1,73,781.5999755859375,vd3gx3ri,reacher-hard-v0_1_20260728-180843_Ours+curiosity_res_buf50k_ftlr0.0001_clip1.0_A10.0_On0.0_anlFalse
50k,50000,1,74,669.7000122070312,vd3gx3ri,reacher-hard-v0_1_20260728-180843_Ours+curiosity_res_buf50k_ftlr0.0001_clip1.0_A10.0_On0.0_anlFalse
50k,50000,1,75,674.5,vd3gx3ri,reacher-hard-v0_1_20260728-180843_Ours+curiosity_res_buf50k_ftlr0.0001_clip1.0_A10.0_On0.0_anlFalse
50k,50000,1,76,839.5,vd3gx3ri,reacher-hard-v0_1_20260728-180843_Ours+curiosity_res_buf50k_ftlr0.0001_clip1.0_A10.0_On0.0_anlFalse
50k,50000,1,77,955.2000122070312,vd3gx3ri,reacher-hard-v0_1_20260728-180843_Ours+curiosity_res_buf50k_ftlr0.0001_clip1.0_A10.0_On0.0_anlFalse
50k,50000,1,78,662.7999877929688,vd3gx3ri,reacher-hard-v0_1_20260728-180843_Ours+curiosity_res_buf50k_ftlr0.0001_clip1.0_A10.0_On0.0_anlFalse
50k,50000,1,79,577.4000244140625,vd3gx3ri,reacher-hard-v0_1_20260728-180843_Ours+curiosity_res_buf50k_ftlr0.0001_clip1.0_A10.0_On0.0_anlFalse
50k,50000,1,80,679.4000244140625,vd3gx3ri,reacher-hard-v0_1_20260728-180843_Ours+curiosity_res_buf50k_ftlr0.0001_clip1.0_A10.0_On0.0_anlFalse
50k,50000,1,81,526.9000244140625,vd3gx3ri,reacher-hard-v0_1_20260728-180843_Ours+curiosity_res_buf50k_ftlr0.0001_clip1.0_A10.0_On0.0_anlFalse
50k,50000,1,82,773,vd3gx3ri,reacher-hard-v0_1_20260728-180843_Ours+curiosity_res_buf50k_ftlr0.0001_clip1.0_A10.0_On0.0_anlFalse
50k,50000,1,83,855.4000244140625,vd3gx3ri,reacher-hard-v0_1_20260728-180843_Ours+curiosity_res_buf50k_ftlr0.0001_clip1.0_A10.0_On0.0_anlFalse
50k,50000,1,84,580.7000122070312,vd3gx3ri,reacher-hard-v0_1_20260728-180843_Ours+curiosity_res_buf50k_ftlr0.0001_clip1.0_A10.0_On0.0_anlFalse
50k,50000,1,85,761.7000122070312,vd3gx3ri,reacher-hard-v0_1_20260728-180843_Ours+curiosity_res_buf50k_ftlr0.0001_clip1.0_A10.0_On0.0_anlFalse
50k,50000,1,86,674.7999877929688,vd3gx3ri,reacher-hard-v0_1_20260728-180843_Ours+curiosity_res_buf50k_ftlr0.0001_clip1.0_A10.0_On0.0_anlFalse
50k,50000,1,87,385.3999938964844,vd3gx3ri,reacher-hard-v0_1_20260728-180843_Ours+curiosity_res_buf50k_ftlr0.0001_clip1.0_A10.0_On0.0_anlFalse
50k,50000,1,88,335.70001220703125,vd3gx3ri,reacher-hard-v0_1_20260728-180843_Ours+curiosity_res_buf50k_ftlr0.0001_clip1.0_A10.0_On0.0_anlFalse
50k,50000,1,89,579.7999877929688,vd3gx3ri,reacher-hard-v0_1_20260728-180843_Ours+curiosity_res_buf50k_ftlr0.0001_clip1.0_A10.0_On0.0_anlFalse
50k,50000,1,90,291.70001220703125,vd3gx3ri,reacher-hard-v0_1_20260728-180843_Ours+curiosity_res_buf50k_ftlr0.0001_clip1.0_A10.0_On0.0_anlFalse
50k,50000,1,91,722.4000244140625,vd3gx3ri,reacher-hard-v0_1_20260728-180843_Ours+curiosity_res_buf50k_ftlr0.0001_clip1.0_A10.0_On0.0_anlFalse
50k,50000,1,92,863.2999877929688,vd3gx3ri,reacher-hard-v0_1_20260728-180843_Ours+curiosity_res_buf50k_ftlr0.0001_clip1.0_A10.0_On0.0_anlFalse
50k,50000,1,93,858.9000244140625,vd3gx3ri,reacher-hard-v0_1_20260728-180843_Ours+curiosity_res_buf50k_ftlr0.0001_clip1.0_A10.0_On0.0_anlFalse
50k,50000,1,94,576.2999877929688,vd3gx3ri,reacher-hard-v0_1_20260728-180843_Ours+curiosity_res_buf50k_ftlr0.0001_clip1.0_A10.0_On0.0_anlFalse
50k,50000,1,95,726.9000244140625,vd3gx3ri,reacher-hard-v0_1_20260728-180843_Ours+curiosity_res_buf50k_ftlr0.0001_clip1.0_A10.0_On0.0_anlFalse
50k,50000,1,96,961.2000122070312,vd3gx3ri,reacher-hard-v0_1_20260728-180843_Ours+curiosity_res_buf50k_ftlr0.0001_clip1.0_A10.0_On0.0_anlFalse
50k,50000,1,97,763.7999877929688,vd3gx3ri,reacher-hard-v0_1_20260728-180843_Ours+curiosity_res_buf50k_ftlr0.0001_clip1.0_A10.0_On0.0_anlFalse
50k,50000,1,98,870.7999877929688,vd3gx3ri,reacher-hard-v0_1_20260728-180843_Ours+curiosity_res_buf50k_ftlr0.0001_clip1.0_A10.0_On0.0_anlFalse
50k,50000,1,99,778.2000122070312,vd3gx3ri,reacher-hard-v0_1_20260728-180843_Ours+curiosity_res_buf50k_ftlr0.0001_clip1.0_A10.0_On0.0_anlFalse
50k,50000,4,0,26.100000381469727,xgdq3jz9,reacher-hard-v0_4_20260728-180843_Ours+curiosity_res_buf50k_ftlr0.0001_clip1.0_A10.0_On0.0_anlFalse
50k,50000,4,1,0,xgdq3jz9,reacher-hard-v0_4_20260728-180843_Ours+curiosity_res_buf50k_ftlr0.0001_clip1.0_A10.0_On0.0_anlFalse
50k,50000,4,2,8.100000381469727,xgdq3jz9,reacher-hard-v0_4_20260728-180843_Ours+curiosity_res_buf50k_ftlr0.0001_clip1.0_A10.0_On0.0_anlFalse
50k,50000,4,3,23.399999618530273,xgdq3jz9,reacher-hard-v0_4_20260728-180843_Ours+curiosity_res_buf50k_ftlr0.0001_clip1.0_A10.0_On0.0_anlFalse
50k,50000,4,4,0,xgdq3jz9,reacher-hard-v0_4_20260728-180843_Ours+curiosity_res_buf50k_ftlr0.0001_clip1.0_A10.0_On0.0_anlFalse
50k,50000,4,5,1.2999999523162842,xgdq3jz9,reacher-hard-v0_4_20260728-180843_Ours+curiosity_res_buf50k_ftlr0.0001_clip1.0_A10.0_On0.0_anlFalse
50k,50000,4,6,0,xgdq3jz9,reacher-hard-v0_4_20260728-180843_Ours+curiosity_res_buf50k_ftlr0.0001_clip1.0_A10.0_On0.0_anlFalse
50k,50000,4,7,0,xgdq3jz9,reacher-hard-v0_4_20260728-180843_Ours+curiosity_res_buf50k_ftlr0.0001_clip1.0_A10.0_On0.0_anlFalse
50k,50000,4,8,2.4000000953674316,xgdq3jz9,reacher-hard-v0_4_20260728-180843_Ours+curiosity_res_buf50k_ftlr0.0001_clip1.0_A10.0_On0.0_anlFalse
50k,50000,4,9,0.6000000238418579,xgdq3jz9,reacher-hard-v0_4_20260728-180843_Ours+curiosity_res_buf50k_ftlr0.0001_clip1.0_A10.0_On0.0_anlFalse
50k,50000,4,10,0,xgdq3jz9,reacher-hard-v0_4_20260728-180843_Ours+curiosity_res_buf50k_ftlr0.0001_clip1.0_A10.0_On0.0_anlFalse
50k,50000,4,11,87.5,xgdq3jz9,reacher-hard-v0_4_20260728-180843_Ours+curiosity_res_buf50k_ftlr0.0001_clip1.0_A10.0_On0.0_anlFalse
50k,50000,4,12,90.5,xgdq3jz9,reacher-hard-v0_4_20260728-180843_Ours+curiosity_res_buf50k_ftlr0.0001_clip1.0_A10.0_On0.0_anlFalse
50k,50000,4,13,0.8999999761581421,xgdq3jz9,reacher-hard-v0_4_20260728-180843_Ours+curiosity_res_buf50k_ftlr0.0001_clip1.0_A10.0_On0.0_anlFalse
50k,50000,4,14,1.7000000476837158,xgdq3jz9,reacher-hard-v0_4_20260728-180843_Ours+curiosity_res_buf50k_ftlr0.0001_clip1.0_A10.0_On0.0_anlFalse
50k,50000,4,15,4.800000190734863,xgdq3jz9,reacher-hard-v0_4_20260728-180843_Ours+curiosity_res_buf50k_ftlr0.0001_clip1.0_A10.0_On0.0_anlFalse
50k,50000,4,16,0,xgdq3jz9,reacher-hard-v0_4_20260728-180843_Ours+curiosity_res_buf50k_ftlr0.0001_clip1.0_A10.0_On0.0_anlFalse
50k,50000,4,17,2,xgdq3jz9,reacher-hard-v0_4_20260728-180843_Ours+curiosity_res_buf50k_ftlr0.0001_clip1.0_A10.0_On0.0_anlFalse
50k,50000,4,18,98.5,xgdq3jz9,reacher-hard-v0_4_20260728-180843_Ours+curiosity_res_buf50k_ftlr0.0001_clip1.0_A10.0_On0.0_anlFalse
50k,50000,4,19,0,xgdq3jz9,reacher-hard-v0_4_20260728-180843_Ours+curiosity_res_buf50k_ftlr0.0001_clip1.0_A10.0_On0.0_anlFalse
50k,50000,4,20,0,xgdq3jz9,reacher-hard-v0_4_20260728-180843_Ours+curiosity_res_buf50k_ftlr0.0001_clip1.0_A10.0_On0.0_anlFalse
50k,50000,4,21,6.800000190734863,xgdq3jz9,reacher-hard-v0_4_20260728-180843_Ours+curiosity_res_buf50k_ftlr0.0001_clip1.0_A10.0_On0.0_anlFalse
50k,50000,4,22,0.5,xgdq3jz9,reacher-hard-v0_4_20260728-180843_Ours+curiosity_res_buf50k_ftlr0.0001_clip1.0_A10.0_On0.0_anlFalse
50k,50000,4,23,33.20000076293945,xgdq3jz9,reacher-hard-v0_4_20260728-180843_Ours+curiosity_res_buf50k_ftlr0.0001_clip1.0_A10.0_On0.0_anlFalse
50k,50000,4,24,0.30000001192092896,xgdq3jz9,reacher-hard-v0_4_20260728-180843_Ours+curiosity_res_buf50k_ftlr0.0001_clip1.0_A10.0_On0.0_anlFalse
50k,50000,4,25,184.6999969482422,xgdq3jz9,reacher-hard-v0_4_20260728-180843_Ours+curiosity_res_buf50k_ftlr0.0001_clip1.0_A10.0_On0.0_anlFalse
50k,50000,4,26,0.8999999761581421,xgdq3jz9,reacher-hard-v0_4_20260728-180843_Ours+curiosity_res_buf50k_ftlr0.0001_clip1.0_A10.0_On0.0_anlFalse
50k,50000,4,27,168.5,xgdq3jz9,reacher-hard-v0_4_20260728-180843_Ours+curiosity_res_buf50k_ftlr0.0001_clip1.0_A10.0_On0.0_anlFalse
50k,50000,4,28,75,xgdq3jz9,reacher-hard-v0_4_20260728-180843_Ours+curiosity_res_buf50k_ftlr0.0001_clip1.0_A10.0_On0.0_anlFalse
50k,50000,4,29,0.6000000238418579,xgdq3jz9,reacher-hard-v0_4_20260728-180843_Ours+curiosity_res_buf50k_ftlr0.0001_clip1.0_A10.0_On0.0_anlFalse
50k,50000,4,30,0.4000000059604645,xgdq3jz9,reacher-hard-v0_4_20260728-180843_Ours+curiosity_res_buf50k_ftlr0.0001_clip1.0_A10.0_On0.0_anlFalse
50k,50000,4,31,0.6000000238418579,xgdq3jz9,reacher-hard-v0_4_20260728-180843_Ours+curiosity_res_buf50k_ftlr0.0001_clip1.0_A10.0_On0.0_anlFalse
50k,50000,4,32,0.5,xgdq3jz9,reacher-hard-v0_4_20260728-180843_Ours+curiosity_res_buf50k_ftlr0.0001_clip1.0_A10.0_On0.0_anlFalse
50k,50000,4,33,4,xgdq3jz9,reacher-hard-v0_4_20260728-180843_Ours+curiosity_res_buf50k_ftlr0.0001_clip1.0_A10.0_On0.0_anlFalse
50k,50000,4,34,0,xgdq3jz9,reacher-hard-v0_4_20260728-180843_Ours+curiosity_res_buf50k_ftlr0.0001_clip1.0_A10.0_On0.0_anlFalse
50k,50000,4,35,0.800000011920929,xgdq3jz9,reacher-hard-v0_4_20260728-180843_Ours+curiosity_res_buf50k_ftlr0.0001_clip1.0_A10.0_On0.0_anlFalse
50k,50000,4,36,10.600000381469727,xgdq3jz9,reacher-hard-v0_4_20260728-180843_Ours+curiosity_res_buf50k_ftlr0.0001_clip1.0_A10.0_On0.0_anlFalse
50k,50000,4,37,1.399999976158142,xgdq3jz9,reacher-hard-v0_4_20260728-180843_Ours+curiosity_res_buf50k_ftlr0.0001_clip1.0_A10.0_On0.0_anlFalse
50k,50000,4,38,5.800000190734863,xgdq3jz9,reacher-hard-v0_4_20260728-180843_Ours+curiosity_res_buf50k_ftlr0.0001_clip1.0_A10.0_On0.0_anlFalse
50k,50000,4,39,4,xgdq3jz9,reacher-hard-v0_4_20260728-180843_Ours+curiosity_res_buf50k_ftlr0.0001_clip1.0_A10.0_On0.0_anlFalse
50k,50000,4,40,290.1000061035156,xgdq3jz9,reacher-hard-v0_4_20260728-180843_Ours+curiosity_res_buf50k_ftlr0.0001_clip1.0_A10.0_On0.0_anlFalse
50k,50000,4,41,1,xgdq3jz9,reacher-hard-v0_4_20260728-180843_Ours+curiosity_res_buf50k_ftlr0.0001_clip1.0_A10.0_On0.0_anlFalse
50k,50000,4,42,85.5,xgdq3jz9,reacher-hard-v0_4_20260728-180843_Ours+curiosity_res_buf50k_ftlr0.0001_clip1.0_A10.0_On0.0_anlFalse
50k,50000,4,43,99.69999694824219,xgdq3jz9,reacher-hard-v0_4_20260728-180843_Ours+curiosity_res_buf50k_ftlr0.0001_clip1.0_A10.0_On0.0_anlFalse
50k,50000,4,44,174.5,xgdq3jz9,reacher-hard-v0_4_20260728-180843_Ours+curiosity_res_buf50k_ftlr0.0001_clip1.0_A10.0_On0.0_anlFalse
50k,50000,4,45,252.89999389648438,xgdq3jz9,reacher-hard-v0_4_20260728-180843_Ours+curiosity_res_buf50k_ftlr0.0001_clip1.0_A10.0_On0.0_anlFalse
50k,50000,4,46,90.30000305175781,xgdq3jz9,reacher-hard-v0_4_20260728-180843_Ours+curiosity_res_buf50k_ftlr0.0001_clip1.0_A10.0_On0.0_anlFalse
50k,50000,4,47,163.6999969482422,xgdq3jz9,reacher-hard-v0_4_20260728-180843_Ours+curiosity_res_buf50k_ftlr0.0001_clip1.0_A10.0_On0.0_anlFalse
50k,50000,4,48,313.6000061035156,xgdq3jz9,reacher-hard-v0_4_20260728-180843_Ours+curiosity_res_buf50k_ftlr0.0001_clip1.0_A10.0_On0.0_anlFalse
50k,50000,4,49,272.8999938964844,xgdq3jz9,reacher-hard-v0_4_20260728-180843_Ours+curiosity_res_buf50k_ftlr0.0001_clip1.0_A10.0_On0.0_anlFalse
50k,50000,4,50,0,xgdq3jz9,reacher-hard-v0_4_20260728-180843_Ours+curiosity_res_buf50k_ftlr0.0001_clip1.0_A10.0_On0.0_anlFalse
50k,50000,4,51,275.6000061035156,xgdq3jz9,reacher-hard-v0_4_20260728-180843_Ours+curiosity_res_buf50k_ftlr0.0001_clip1.0_A10.0_On0.0_anlFalse
50k,50000,4,52,3.299999952316284,xgdq3jz9,reacher-hard-v0_4_20260728-180843_Ours+curiosity_res_buf50k_ftlr0.0001_clip1.0_A10.0_On0.0_anlFalse
50k,50000,4,53,337.8999938964844,xgdq3jz9,reacher-hard-v0_4_20260728-180843_Ours+curiosity_res_buf50k_ftlr0.0001_clip1.0_A10.0_On0.0_anlFalse
50k,50000,4,54,275,xgdq3jz9,reacher-hard-v0_4_20260728-180843_Ours+curiosity_res_buf50k_ftlr0.0001_clip1.0_A10.0_On0.0_anlFalse
50k,50000,4,55,286.29998779296875,xgdq3jz9,reacher-hard-v0_4_20260728-180843_Ours+curiosity_res_buf50k_ftlr0.0001_clip1.0_A10.0_On0.0_anlFalse
50k,50000,4,56,189.1999969482422,xgdq3jz9,reacher-hard-v0_4_20260728-180843_Ours+curiosity_res_buf50k_ftlr0.0001_clip1.0_A10.0_On0.0_anlFalse
50k,50000,4,57,1,xgdq3jz9,reacher-hard-v0_4_20260728-180843_Ours+curiosity_res_buf50k_ftlr0.0001_clip1.0_A10.0_On0.0_anlFalse
50k,50000,4,58,288,xgdq3jz9,reacher-hard-v0_4_20260728-180843_Ours+curiosity_res_buf50k_ftlr0.0001_clip1.0_A10.0_On0.0_anlFalse
50k,50000,4,59,33.5,xgdq3jz9,reacher-hard-v0_4_20260728-180843_Ours+curiosity_res_buf50k_ftlr0.0001_clip1.0_A10.0_On0.0_anlFalse
50k,50000,4,60,8.100000381469727,xgdq3jz9,reacher-hard-v0_4_20260728-180843_Ours+curiosity_res_buf50k_ftlr0.0001_clip1.0_A10.0_On0.0_anlFalse
50k,50000,4,61,393.79998779296875,xgdq3jz9,reacher-hard-v0_4_20260728-180843_Ours+curiosity_res_buf50k_ftlr0.0001_clip1.0_A10.0_On0.0_anlFalse
50k,50000,4,62,105.80000305175781,xgdq3jz9,reacher-hard-v0_4_20260728-180843_Ours+curiosity_res_buf50k_ftlr0.0001_clip1.0_A10.0_On0.0_anlFalse
50k,50000,4,63,188.39999389648438,xgdq3jz9,reacher-hard-v0_4_20260728-180843_Ours+curiosity_res_buf50k_ftlr0.0001_clip1.0_A10.0_On0.0_anlFalse
50k,50000,4,64,94.80000305175781,xgdq3jz9,reacher-hard-v0_4_20260728-180843_Ours+curiosity_res_buf50k_ftlr0.0001_clip1.0_A10.0_On0.0_anlFalse
50k,50000,4,65,271.3999938964844,xgdq3jz9,reacher-hard-v0_4_20260728-180843_Ours+curiosity_res_buf50k_ftlr0.0001_clip1.0_A10.0_On0.0_anlFalse
50k,50000,4,66,89.4000015258789,xgdq3jz9,reacher-hard-v0_4_20260728-180843_Ours+curiosity_res_buf50k_ftlr0.0001_clip1.0_A10.0_On0.0_anlFalse
50k,50000,4,67,103.80000305175781,xgdq3jz9,reacher-hard-v0_4_20260728-180843_Ours+curiosity_res_buf50k_ftlr0.0001_clip1.0_A10.0_On0.0_anlFalse
50k,50000,4,68,310.1000061035156,xgdq3jz9,reacher-hard-v0_4_20260728-180843_Ours+curiosity_res_buf50k_ftlr0.0001_clip1.0_A10.0_On0.0_anlFalse
50k,50000,4,69,285.29998779296875,xgdq3jz9,reacher-hard-v0_4_20260728-180843_Ours+curiosity_res_buf50k_ftlr0.0001_clip1.0_A10.0_On0.0_anlFalse
50k,50000,4,70,98.19999694824219,xgdq3jz9,reacher-hard-v0_4_20260728-180843_Ours+curiosity_res_buf50k_ftlr0.0001_clip1.0_A10.0_On0.0_anlFalse
50k,50000,4,71,274.79998779296875,xgdq3jz9,reacher-hard-v0_4_20260728-180843_Ours+curiosity_res_buf50k_ftlr0.0001_clip1.0_A10.0_On0.0_anlFalse
50k,50000,4,72,175.8000030517578,xgdq3jz9,reacher-hard-v0_4_20260728-180843_Ours+curiosity_res_buf50k_ftlr0.0001_clip1.0_A10.0_On0.0_anlFalse
50k,50000,4,73,195,xgdq3jz9,reacher-hard-v0_4_20260728-180843_Ours+curiosity_res_buf50k_ftlr0.0001_clip1.0_A10.0_On0.0_anlFalse
50k,50000,4,74,1.5,xgdq3jz9,reacher-hard-v0_4_20260728-180843_Ours+curiosity_res_buf50k_ftlr0.0001_clip1.0_A10.0_On0.0_anlFalse
50k,50000,4,75,79.4000015258789,xgdq3jz9,reacher-hard-v0_4_20260728-180843_Ours+curiosity_res_buf50k_ftlr0.0001_clip1.0_A10.0_On0.0_anlFalse
50k,50000,4,76,0.30000001192092896,xgdq3jz9,reacher-hard-v0_4_20260728-180843_Ours+curiosity_res_buf50k_ftlr0.0001_clip1.0_A10.0_On0.0_anlFalse
50k,50000,4,77,0.6000000238418579,xgdq3jz9,reacher-hard-v0_4_20260728-180843_Ours+curiosity_res_buf50k_ftlr0.0001_clip1.0_A10.0_On0.0_anlFalse
50k,50000,4,78,95.0999984741211,xgdq3jz9,reacher-hard-v0_4_20260728-180843_Ours+curiosity_res_buf50k_ftlr0.0001_clip1.0_A10.0_On0.0_anlFalse
50k,50000,4,79,102,xgdq3jz9,reacher-hard-v0_4_20260728-180843_Ours+curiosity_res_buf50k_ftlr0.0001_clip1.0_A10.0_On0.0_anlFalse
50k,50000,4,80,192.39999389648438,xgdq3jz9,reacher-hard-v0_4_20260728-180843_Ours+curiosity_res_buf50k_ftlr0.0001_clip1.0_A10.0_On0.0_anlFalse
50k,50000,4,81,103.80000305175781,xgdq3jz9,reacher-hard-v0_4_20260728-180843_Ours+curiosity_res_buf50k_ftlr0.0001_clip1.0_A10.0_On0.0_anlFalse
50k,50000,4,82,191.1999969482422,xgdq3jz9,reacher-hard-v0_4_20260728-180843_Ours+curiosity_res_buf50k_ftlr0.0001_clip1.0_A10.0_On0.0_anlFalse
50k,50000,4,83,368.79998779296875,xgdq3jz9,reacher-hard-v0_4_20260728-180843_Ours+curiosity_res_buf50k_ftlr0.0001_clip1.0_A10.0_On0.0_anlFalse
50k,50000,4,84,286.6000061035156,xgdq3jz9,reacher-hard-v0_4_20260728-180843_Ours+curiosity_res_buf50k_ftlr0.0001_clip1.0_A10.0_On0.0_anlFalse
50k,50000,4,85,189.39999389648438,xgdq3jz9,reacher-hard-v0_4_20260728-180843_Ours+curiosity_res_buf50k_ftlr0.0001_clip1.0_A10.0_On0.0_anlFalse
50k,50000,4,86,289.70001220703125,xgdq3jz9,reacher-hard-v0_4_20260728-180843_Ours+curiosity_res_buf50k_ftlr0.0001_clip1.0_A10.0_On0.0_anlFalse
50k,50000,4,87,106.5,xgdq3jz9,reacher-hard-v0_4_20260728-180843_Ours+curiosity_res_buf50k_ftlr0.0001_clip1.0_A10.0_On0.0_anlFalse
50k,50000,4,88,197,xgdq3jz9,reacher-hard-v0_4_20260728-180843_Ours+curiosity_res_buf50k_ftlr0.0001_clip1.0_A10.0_On0.0_anlFalse
50k,50000,4,89,278.79998779296875,xgdq3jz9,reacher-hard-v0_4_20260728-180843_Ours+curiosity_res_buf50k_ftlr0.0001_clip1.0_A10.0_On0.0_anlFalse
50k,50000,4,90,89.5,xgdq3jz9,reacher-hard-v0_4_20260728-180843_Ours+curiosity_res_buf50k_ftlr0.0001_clip1.0_A10.0_On0.0_anlFalse
50k,50000,4,91,284.6000061035156,xgdq3jz9,reacher-hard-v0_4_20260728-180843_Ours+curiosity_res_buf50k_ftlr0.0001_clip1.0_A10.0_On0.0_anlFalse
50k,50000,4,92,385.20001220703125,xgdq3jz9,reacher-hard-v0_4_20260728-180843_Ours+curiosity_res_buf50k_ftlr0.0001_clip1.0_A10.0_On0.0_anlFalse
50k,50000,4,93,453.29998779296875,xgdq3jz9,reacher-hard-v0_4_20260728-180843_Ours+curiosity_res_buf50k_ftlr0.0001_clip1.0_A10.0_On0.0_anlFalse
50k,50000,4,94,102,xgdq3jz9,reacher-hard-v0_4_20260728-180843_Ours+curiosity_res_buf50k_ftlr0.0001_clip1.0_A10.0_On0.0_anlFalse
50k,50000,4,95,188.39999389648438,xgdq3jz9,reacher-hard-v0_4_20260728-180843_Ours+curiosity_res_buf50k_ftlr0.0001_clip1.0_A10.0_On0.0_anlFalse
50k,50000,4,96,529.2000122070312,xgdq3jz9,reacher-hard-v0_4_20260728-180843_Ours+curiosity_res_buf50k_ftlr0.0001_clip1.0_A10.0_On0.0_anlFalse
50k,50000,4,97,183.6999969482422,xgdq3jz9,reacher-hard-v0_4_20260728-180843_Ours+curiosity_res_buf50k_ftlr0.0001_clip1.0_A10.0_On0.0_anlFalse
50k,50000,4,98,280.5,xgdq3jz9,reacher-hard-v0_4_20260728-180843_Ours+curiosity_res_buf50k_ftlr0.0001_clip1.0_A10.0_On0.0_anlFalse
50k,50000,4,99,181.89999389648438,xgdq3jz9,reacher-hard-v0_4_20260728-180843_Ours+curiosity_res_buf50k_ftlr0.0001_clip1.0_A10.0_On0.0_anlFalse
200k,200000,3,0,0,eg9dr5mm,reacher-hard-v0_3_20260728-165747_Ours+curiosity_res_buf200k_ftlr0.0001_clip1.0_A10.0_On0.0_anlFalse
200k,200000,3,1,0.800000011920929,eg9dr5mm,reacher-hard-v0_3_20260728-165747_Ours+curiosity_res_buf200k_ftlr0.0001_clip1.0_A10.0_On0.0_anlFalse
200k,200000,3,2,0,eg9dr5mm,reacher-hard-v0_3_20260728-165747_Ours+curiosity_res_buf200k_ftlr0.0001_clip1.0_A10.0_On0.0_anlFalse
200k,200000,3,3,7.599999904632568,eg9dr5mm,reacher-hard-v0_3_20260728-165747_Ours+curiosity_res_buf200k_ftlr0.0001_clip1.0_A10.0_On0.0_anlFalse
200k,200000,3,4,0,eg9dr5mm,reacher-hard-v0_3_20260728-165747_Ours+curiosity_res_buf200k_ftlr0.0001_clip1.0_A10.0_On0.0_anlFalse
200k,200000,3,5,0,eg9dr5mm,reacher-hard-v0_3_20260728-165747_Ours+curiosity_res_buf200k_ftlr0.0001_clip1.0_A10.0_On0.0_anlFalse
200k,200000,3,6,53.20000076293945,eg9dr5mm,reacher-hard-v0_3_20260728-165747_Ours+curiosity_res_buf200k_ftlr0.0001_clip1.0_A10.0_On0.0_anlFalse
200k,200000,3,7,2.9000000953674316,eg9dr5mm,reacher-hard-v0_3_20260728-165747_Ours+curiosity_res_buf200k_ftlr0.0001_clip1.0_A10.0_On0.0_anlFalse
200k,200000,3,8,2.5999999046325684,eg9dr5mm,reacher-hard-v0_3_20260728-165747_Ours+curiosity_res_buf200k_ftlr0.0001_clip1.0_A10.0_On0.0_anlFalse
200k,200000,3,9,90.5999984741211,eg9dr5mm,reacher-hard-v0_3_20260728-165747_Ours+curiosity_res_buf200k_ftlr0.0001_clip1.0_A10.0_On0.0_anlFalse
200k,200000,3,10,3.9000000953674316,eg9dr5mm,reacher-hard-v0_3_20260728-165747_Ours+curiosity_res_buf200k_ftlr0.0001_clip1.0_A10.0_On0.0_anlFalse
200k,200000,3,11,0,eg9dr5mm,reacher-hard-v0_3_20260728-165747_Ours+curiosity_res_buf200k_ftlr0.0001_clip1.0_A10.0_On0.0_anlFalse
200k,200000,3,12,111.0999984741211,eg9dr5mm,reacher-hard-v0_3_20260728-165747_Ours+curiosity_res_buf200k_ftlr0.0001_clip1.0_A10.0_On0.0_anlFalse
200k,200000,3,13,97.4000015258789,eg9dr5mm,reacher-hard-v0_3_20260728-165747_Ours+curiosity_res_buf200k_ftlr0.0001_clip1.0_A10.0_On0.0_anlFalse
200k,200000,3,14,0.6000000238418579,eg9dr5mm,reacher-hard-v0_3_20260728-165747_Ours+curiosity_res_buf200k_ftlr0.0001_clip1.0_A10.0_On0.0_anlFalse
200k,200000,3,15,93.9000015258789,eg9dr5mm,reacher-hard-v0_3_20260728-165747_Ours+curiosity_res_buf200k_ftlr0.0001_clip1.0_A10.0_On0.0_anlFalse
200k,200000,3,16,95.19999694824219,eg9dr5mm,reacher-hard-v0_3_20260728-165747_Ours+curiosity_res_buf200k_ftlr0.0001_clip1.0_A10.0_On0.0_anlFalse
200k,200000,3,17,103.69999694824219,eg9dr5mm,reacher-hard-v0_3_20260728-165747_Ours+curiosity_res_buf200k_ftlr0.0001_clip1.0_A10.0_On0.0_anlFalse
200k,200000,3,18,98.0999984741211,eg9dr5mm,reacher-hard-v0_3_20260728-165747_Ours+curiosity_res_buf200k_ftlr0.0001_clip1.0_A10.0_On0.0_anlFalse
200k,200000,3,19,0,eg9dr5mm,reacher-hard-v0_3_20260728-165747_Ours+curiosity_res_buf200k_ftlr0.0001_clip1.0_A10.0_On0.0_anlFalse
200k,200000,3,20,195.39999389648438,eg9dr5mm,reacher-hard-v0_3_20260728-165747_Ours+curiosity_res_buf200k_ftlr0.0001_clip1.0_A10.0_On0.0_anlFalse
200k,200000,3,21,95.9000015258789,eg9dr5mm,reacher-hard-v0_3_20260728-165747_Ours+curiosity_res_buf200k_ftlr0.0001_clip1.0_A10.0_On0.0_anlFalse
200k,200000,3,22,0.30000001192092896,eg9dr5mm,reacher-hard-v0_3_20260728-165747_Ours+curiosity_res_buf200k_ftlr0.0001_clip1.0_A10.0_On0.0_anlFalse
200k,200000,3,23,0.6000000238418579,eg9dr5mm,reacher-hard-v0_3_20260728-165747_Ours+curiosity_res_buf200k_ftlr0.0001_clip1.0_A10.0_On0.0_anlFalse
200k,200000,3,24,412,eg9dr5mm,reacher-hard-v0_3_20260728-165747_Ours+curiosity_res_buf200k_ftlr0.0001_clip1.0_A10.0_On0.0_anlFalse
200k,200000,3,25,196.6999969482422,eg9dr5mm,reacher-hard-v0_3_20260728-165747_Ours+curiosity_res_buf200k_ftlr0.0001_clip1.0_A10.0_On0.0_anlFalse
200k,200000,3,26,96.19999694824219,eg9dr5mm,reacher-hard-v0_3_20260728-165747_Ours+curiosity_res_buf200k_ftlr0.0001_clip1.0_A10.0_On0.0_anlFalse
200k,200000,3,27,92.9000015258789,eg9dr5mm,reacher-hard-v0_3_20260728-165747_Ours+curiosity_res_buf200k_ftlr0.0001_clip1.0_A10.0_On0.0_anlFalse
200k,200000,3,28,288.6000061035156,eg9dr5mm,reacher-hard-v0_3_20260728-165747_Ours+curiosity_res_buf200k_ftlr0.0001_clip1.0_A10.0_On0.0_anlFalse
200k,200000,3,29,381.29998779296875,eg9dr5mm,reacher-hard-v0_3_20260728-165747_Ours+curiosity_res_buf200k_ftlr0.0001_clip1.0_A10.0_On0.0_anlFalse
200k,200000,3,30,390.79998779296875,eg9dr5mm,reacher-hard-v0_3_20260728-165747_Ours+curiosity_res_buf200k_ftlr0.0001_clip1.0_A10.0_On0.0_anlFalse
200k,200000,3,31,478.5,eg9dr5mm,reacher-hard-v0_3_20260728-165747_Ours+curiosity_res_buf200k_ftlr0.0001_clip1.0_A10.0_On0.0_anlFalse
200k,200000,3,32,0,eg9dr5mm,reacher-hard-v0_3_20260728-165747_Ours+curiosity_res_buf200k_ftlr0.0001_clip1.0_A10.0_On0.0_anlFalse
200k,200000,3,33,462.70001220703125,eg9dr5mm,reacher-hard-v0_3_20260728-165747_Ours+curiosity_res_buf200k_ftlr0.0001_clip1.0_A10.0_On0.0_anlFalse
200k,200000,3,34,154.89999389648438,eg9dr5mm,reacher-hard-v0_3_20260728-165747_Ours+curiosity_res_buf200k_ftlr0.0001_clip1.0_A10.0_On0.0_anlFalse
200k,200000,3,35,186.3000030517578,eg9dr5mm,reacher-hard-v0_3_20260728-165747_Ours+curiosity_res_buf200k_ftlr0.0001_clip1.0_A10.0_On0.0_anlFalse
200k,200000,3,36,98.5999984741211,eg9dr5mm,reacher-hard-v0_3_20260728-165747_Ours+curiosity_res_buf200k_ftlr0.0001_clip1.0_A10.0_On0.0_anlFalse
200k,200000,3,37,191,eg9dr5mm,reacher-hard-v0_3_20260728-165747_Ours+curiosity_res_buf200k_ftlr0.0001_clip1.0_A10.0_On0.0_anlFalse
200k,200000,3,38,578.5999755859375,eg9dr5mm,reacher-hard-v0_3_20260728-165747_Ours+curiosity_res_buf200k_ftlr0.0001_clip1.0_A10.0_On0.0_anlFalse
200k,200000,3,39,376.6000061035156,eg9dr5mm,reacher-hard-v0_3_20260728-165747_Ours+curiosity_res_buf200k_ftlr0.0001_clip1.0_A10.0_On0.0_anlFalse
200k,200000,3,40,576.9000244140625,eg9dr5mm,reacher-hard-v0_3_20260728-165747_Ours+curiosity_res_buf200k_ftlr0.0001_clip1.0_A10.0_On0.0_anlFalse
200k,200000,3,41,381,eg9dr5mm,reacher-hard-v0_3_20260728-165747_Ours+curiosity_res_buf200k_ftlr0.0001_clip1.0_A10.0_On0.0_anlFalse
200k,200000,3,42,193.39999389648438,eg9dr5mm,reacher-hard-v0_3_20260728-165747_Ours+curiosity_res_buf200k_ftlr0.0001_clip1.0_A10.0_On0.0_anlFalse
200k,200000,3,43,477.8999938964844,eg9dr5mm,reacher-hard-v0_3_20260728-165747_Ours+curiosity_res_buf200k_ftlr0.0001_clip1.0_A10.0_On0.0_anlFalse
200k,200000,3,44,468.8999938964844,eg9dr5mm,reacher-hard-v0_3_20260728-165747_Ours+curiosity_res_buf200k_ftlr0.0001_clip1.0_A10.0_On0.0_anlFalse
200k,200000,3,45,276.79998779296875,eg9dr5mm,reacher-hard-v0_3_20260728-165747_Ours+curiosity_res_buf200k_ftlr0.0001_clip1.0_A10.0_On0.0_anlFalse
200k,200000,3,46,770,eg9dr5mm,reacher-hard-v0_3_20260728-165747_Ours+curiosity_res_buf200k_ftlr0.0001_clip1.0_A10.0_On0.0_anlFalse
200k,200000,3,47,650.7000122070312,eg9dr5mm,reacher-hard-v0_3_20260728-165747_Ours+curiosity_res_buf200k_ftlr0.0001_clip1.0_A10.0_On0.0_anlFalse
200k,200000,3,48,485.20001220703125,eg9dr5mm,reacher-hard-v0_3_20260728-165747_Ours+curiosity_res_buf200k_ftlr0.0001_clip1.0_A10.0_On0.0_anlFalse
200k,200000,3,49,392.29998779296875,eg9dr5mm,reacher-hard-v0_3_20260728-165747_Ours+curiosity_res_buf200k_ftlr0.0001_clip1.0_A10.0_On0.0_anlFalse
200k,200000,3,50,99.80000305175781,eg9dr5mm,reacher-hard-v0_3_20260728-165747_Ours+curiosity_res_buf200k_ftlr0.0001_clip1.0_A10.0_On0.0_anlFalse
200k,200000,3,51,92.5,eg9dr5mm,reacher-hard-v0_3_20260728-165747_Ours+curiosity_res_buf200k_ftlr0.0001_clip1.0_A10.0_On0.0_anlFalse
200k,200000,3,52,294.79998779296875,eg9dr5mm,reacher-hard-v0_3_20260728-165747_Ours+curiosity_res_buf200k_ftlr0.0001_clip1.0_A10.0_On0.0_anlFalse
200k,200000,3,53,476.29998779296875,eg9dr5mm,reacher-hard-v0_3_20260728-165747_Ours+curiosity_res_buf200k_ftlr0.0001_clip1.0_A10.0_On0.0_anlFalse
200k,200000,3,54,278.8999938964844,eg9dr5mm,reacher-hard-v0_3_20260728-165747_Ours+curiosity_res_buf200k_ftlr0.0001_clip1.0_A10.0_On0.0_anlFalse
200k,200000,3,55,675,eg9dr5mm,reacher-hard-v0_3_20260728-165747_Ours+curiosity_res_buf200k_ftlr0.0001_clip1.0_A10.0_On0.0_anlFalse
200k,200000,3,56,194.1999969482422,eg9dr5mm,reacher-hard-v0_3_20260728-165747_Ours+curiosity_res_buf200k_ftlr0.0001_clip1.0_A10.0_On0.0_anlFalse
200k,200000,3,57,295.6000061035156,eg9dr5mm,reacher-hard-v0_3_20260728-165747_Ours+curiosity_res_buf200k_ftlr0.0001_clip1.0_A10.0_On0.0_anlFalse
200k,200000,3,58,284.3999938964844,eg9dr5mm,reacher-hard-v0_3_20260728-165747_Ours+curiosity_res_buf200k_ftlr0.0001_clip1.0_A10.0_On0.0_anlFalse
200k,200000,3,59,187.3000030517578,eg9dr5mm,reacher-hard-v0_3_20260728-165747_Ours+curiosity_res_buf200k_ftlr0.0001_clip1.0_A10.0_On0.0_anlFalse
200k,200000,3,60,658.0999755859375,eg9dr5mm,reacher-hard-v0_3_20260728-165747_Ours+curiosity_res_buf200k_ftlr0.0001_clip1.0_A10.0_On0.0_anlFalse
200k,200000,3,61,480.79998779296875,eg9dr5mm,reacher-hard-v0_3_20260728-165747_Ours+curiosity_res_buf200k_ftlr0.0001_clip1.0_A10.0_On0.0_anlFalse
200k,200000,3,62,464.8999938964844,eg9dr5mm,reacher-hard-v0_3_20260728-165747_Ours+curiosity_res_buf200k_ftlr0.0001_clip1.0_A10.0_On0.0_anlFalse
200k,200000,3,63,391.8999938964844,eg9dr5mm,reacher-hard-v0_3_20260728-165747_Ours+curiosity_res_buf200k_ftlr0.0001_clip1.0_A10.0_On0.0_anlFalse
200k,200000,3,64,675.9000244140625,eg9dr5mm,reacher-hard-v0_3_20260728-165747_Ours+curiosity_res_buf200k_ftlr0.0001_clip1.0_A10.0_On0.0_anlFalse
200k,200000,3,65,366.3999938964844,eg9dr5mm,reacher-hard-v0_3_20260728-165747_Ours+curiosity_res_buf200k_ftlr0.0001_clip1.0_A10.0_On0.0_anlFalse
200k,200000,3,66,671.5,eg9dr5mm,reacher-hard-v0_3_20260728-165747_Ours+curiosity_res_buf200k_ftlr0.0001_clip1.0_A10.0_On0.0_anlFalse
200k,200000,3,67,769.2999877929688,eg9dr5mm,reacher-hard-v0_3_20260728-165747_Ours+curiosity_res_buf200k_ftlr0.0001_clip1.0_A10.0_On0.0_anlFalse
200k,200000,3,68,480.70001220703125,eg9dr5mm,reacher-hard-v0_3_20260728-165747_Ours+curiosity_res_buf200k_ftlr0.0001_clip1.0_A10.0_On0.0_anlFalse
200k,200000,3,69,481,eg9dr5mm,reacher-hard-v0_3_20260728-165747_Ours+curiosity_res_buf200k_ftlr0.0001_clip1.0_A10.0_On0.0_anlFalse
200k,200000,3,70,292.5,eg9dr5mm,reacher-hard-v0_3_20260728-165747_Ours+curiosity_res_buf200k_ftlr0.0001_clip1.0_A10.0_On0.0_anlFalse
200k,200000,3,71,676,eg9dr5mm,reacher-hard-v0_3_20260728-165747_Ours+curiosity_res_buf200k_ftlr0.0001_clip1.0_A10.0_On0.0_anlFalse
200k,200000,3,72,386.20001220703125,eg9dr5mm,reacher-hard-v0_3_20260728-165747_Ours+curiosity_res_buf200k_ftlr0.0001_clip1.0_A10.0_On0.0_anlFalse
200k,200000,3,73,408.6000061035156,eg9dr5mm,reacher-hard-v0_3_20260728-165747_Ours+curiosity_res_buf200k_ftlr0.0001_clip1.0_A10.0_On0.0_anlFalse
200k,200000,3,74,382.5,eg9dr5mm,reacher-hard-v0_3_20260728-165747_Ours+curiosity_res_buf200k_ftlr0.0001_clip1.0_A10.0_On0.0_anlFalse
200k,200000,3,75,675.7999877929688,eg9dr5mm,reacher-hard-v0_3_20260728-165747_Ours+curiosity_res_buf200k_ftlr0.0001_clip1.0_A10.0_On0.0_anlFalse
200k,200000,3,76,568.0999755859375,eg9dr5mm,reacher-hard-v0_3_20260728-165747_Ours+curiosity_res_buf200k_ftlr0.0001_clip1.0_A10.0_On0.0_anlFalse
200k,200000,3,77,495.70001220703125,eg9dr5mm,reacher-hard-v0_3_20260728-165747_Ours+curiosity_res_buf200k_ftlr0.0001_clip1.0_A10.0_On0.0_anlFalse
200k,200000,3,78,586.5999755859375,eg9dr5mm,reacher-hard-v0_3_20260728-165747_Ours+curiosity_res_buf200k_ftlr0.0001_clip1.0_A10.0_On0.0_anlFalse
200k,200000,3,79,589.2000122070312,eg9dr5mm,reacher-hard-v0_3_20260728-165747_Ours+curiosity_res_buf200k_ftlr0.0001_clip1.0_A10.0_On0.0_anlFalse
200k,200000,3,80,758.5999755859375,eg9dr5mm,reacher-hard-v0_3_20260728-165747_Ours+curiosity_res_buf200k_ftlr0.0001_clip1.0_A10.0_On0.0_anlFalse
200k,200000,3,81,478.29998779296875,eg9dr5mm,reacher-hard-v0_3_20260728-165747_Ours+curiosity_res_buf200k_ftlr0.0001_clip1.0_A10.0_On0.0_anlFalse
200k,200000,3,82,861.7000122070312,eg9dr5mm,reacher-hard-v0_3_20260728-165747_Ours+curiosity_res_buf200k_ftlr0.0001_clip1.0_A10.0_On0.0_anlFalse
200k,200000,3,83,771.0999755859375,eg9dr5mm,reacher-hard-v0_3_20260728-165747_Ours+curiosity_res_buf200k_ftlr0.0001_clip1.0_A10.0_On0.0_anlFalse
200k,200000,3,84,656.2999877929688,eg9dr5mm,reacher-hard-v0_3_20260728-165747_Ours+curiosity_res_buf200k_ftlr0.0001_clip1.0_A10.0_On0.0_anlFalse
200k,200000,3,85,658.4000244140625,eg9dr5mm,reacher-hard-v0_3_20260728-165747_Ours+curiosity_res_buf200k_ftlr0.0001_clip1.0_A10.0_On0.0_anlFalse
200k,200000,3,86,655.9000244140625,eg9dr5mm,reacher-hard-v0_3_20260728-165747_Ours+curiosity_res_buf200k_ftlr0.0001_clip1.0_A10.0_On0.0_anlFalse
200k,200000,3,87,670.4000244140625,eg9dr5mm,reacher-hard-v0_3_20260728-165747_Ours+curiosity_res_buf200k_ftlr0.0001_clip1.0_A10.0_On0.0_anlFalse
200k,200000,3,88,677,eg9dr5mm,reacher-hard-v0_3_20260728-165747_Ours+curiosity_res_buf200k_ftlr0.0001_clip1.0_A10.0_On0.0_anlFalse
200k,200000,3,89,963.7000122070312,eg9dr5mm,reacher-hard-v0_3_20260728-165747_Ours+curiosity_res_buf200k_ftlr0.0001_clip1.0_A10.0_On0.0_anlFalse
200k,200000,3,90,584,eg9dr5mm,reacher-hard-v0_3_20260728-165747_Ours+curiosity_res_buf200k_ftlr0.0001_clip1.0_A10.0_On0.0_anlFalse
200k,200000,3,91,477.5,eg9dr5mm,reacher-hard-v0_3_20260728-165747_Ours+curiosity_res_buf200k_ftlr0.0001_clip1.0_A10.0_On0.0_anlFalse
200k,200000,3,92,577.7999877929688,eg9dr5mm,reacher-hard-v0_3_20260728-165747_Ours+curiosity_res_buf200k_ftlr0.0001_clip1.0_A10.0_On0.0_anlFalse
200k,200000,3,93,287.1000061035156,eg9dr5mm,reacher-hard-v0_3_20260728-165747_Ours+curiosity_res_buf200k_ftlr0.0001_clip1.0_A10.0_On0.0_anlFalse
200k,200000,3,94,571.5,eg9dr5mm,reacher-hard-v0_3_20260728-165747_Ours+curiosity_res_buf200k_ftlr0.0001_clip1.0_A10.0_On0.0_anlFalse
200k,200000,3,95,391.20001220703125,eg9dr5mm,reacher-hard-v0_3_20260728-165747_Ours+curiosity_res_buf200k_ftlr0.0001_clip1.0_A10.0_On0.0_anlFalse
200k,200000,3,96,867.7999877929688,eg9dr5mm,reacher-hard-v0_3_20260728-165747_Ours+curiosity_res_buf200k_ftlr0.0001_clip1.0_A10.0_On0.0_anlFalse
200k,200000,3,97,495.20001220703125,eg9dr5mm,reacher-hard-v0_3_20260728-165747_Ours+curiosity_res_buf200k_ftlr0.0001_clip1.0_A10.0_On0.0_anlFalse
200k,200000,3,98,655.5999755859375,eg9dr5mm,reacher-hard-v0_3_20260728-165747_Ours+curiosity_res_buf200k_ftlr0.0001_clip1.0_A10.0_On0.0_anlFalse
200k,200000,3,99,780.5999755859375,eg9dr5mm,reacher-hard-v0_3_20260728-165747_Ours+curiosity_res_buf200k_ftlr0.0001_clip1.0_A10.0_On0.0_anlFalse
200k,200000,1,0,1.2000000476837158,6dg8bm1r,reacher-hard-v0_1_20260728-165747_Ours+curiosity_res_buf200k_ftlr0.0001_clip1.0_A10.0_On0.0_anlFalse
200k,200000,1,1,0,6dg8bm1r,reacher-hard-v0_1_20260728-165747_Ours+curiosity_res_buf200k_ftlr0.0001_clip1.0_A10.0_On0.0_anlFalse
200k,200000,1,2,1.2000000476837158,6dg8bm1r,reacher-hard-v0_1_20260728-165747_Ours+curiosity_res_buf200k_ftlr0.0001_clip1.0_A10.0_On0.0_anlFalse
200k,200000,1,3,13.899999618530273,6dg8bm1r,reacher-hard-v0_1_20260728-165747_Ours+curiosity_res_buf200k_ftlr0.0001_clip1.0_A10.0_On0.0_anlFalse
200k,200000,1,4,10.100000381469727,6dg8bm1r,reacher-hard-v0_1_20260728-165747_Ours+curiosity_res_buf200k_ftlr0.0001_clip1.0_A10.0_On0.0_anlFalse
200k,200000,1,5,1.899999976158142,6dg8bm1r,reacher-hard-v0_1_20260728-165747_Ours+curiosity_res_buf200k_ftlr0.0001_clip1.0_A10.0_On0.0_anlFalse
200k,200000,1,6,25.399999618530273,6dg8bm1r,reacher-hard-v0_1_20260728-165747_Ours+curiosity_res_buf200k_ftlr0.0001_clip1.0_A10.0_On0.0_anlFalse
200k,200000,1,7,1.600000023841858,6dg8bm1r,reacher-hard-v0_1_20260728-165747_Ours+curiosity_res_buf200k_ftlr0.0001_clip1.0_A10.0_On0.0_anlFalse
200k,200000,1,8,4.800000190734863,6dg8bm1r,reacher-hard-v0_1_20260728-165747_Ours+curiosity_res_buf200k_ftlr0.0001_clip1.0_A10.0_On0.0_anlFalse
200k,200000,1,9,88.5999984741211,6dg8bm1r,reacher-hard-v0_1_20260728-165747_Ours+curiosity_res_buf200k_ftlr0.0001_clip1.0_A10.0_On0.0_anlFalse
200k,200000,1,10,2,6dg8bm1r,reacher-hard-v0_1_20260728-165747_Ours+curiosity_res_buf200k_ftlr0.0001_clip1.0_A10.0_On0.0_anlFalse
200k,200000,1,11,0.8999999761581421,6dg8bm1r,reacher-hard-v0_1_20260728-165747_Ours+curiosity_res_buf200k_ftlr0.0001_clip1.0_A10.0_On0.0_anlFalse
200k,200000,1,12,3.799999952316284,6dg8bm1r,reacher-hard-v0_1_20260728-165747_Ours+curiosity_res_buf200k_ftlr0.0001_clip1.0_A10.0_On0.0_anlFalse
200k,200000,1,13,0.5,6dg8bm1r,reacher-hard-v0_1_20260728-165747_Ours+curiosity_res_buf200k_ftlr0.0001_clip1.0_A10.0_On0.0_anlFalse
200k,200000,1,14,96.5,6dg8bm1r,reacher-hard-v0_1_20260728-165747_Ours+curiosity_res_buf200k_ftlr0.0001_clip1.0_A10.0_On0.0_anlFalse
200k,200000,1,15,1.2000000476837158,6dg8bm1r,reacher-hard-v0_1_20260728-165747_Ours+curiosity_res_buf200k_ftlr0.0001_clip1.0_A10.0_On0.0_anlFalse
200k,200000,1,16,276.29998779296875,6dg8bm1r,reacher-hard-v0_1_20260728-165747_Ours+curiosity_res_buf200k_ftlr0.0001_clip1.0_A10.0_On0.0_anlFalse
200k,200000,1,17,181.1999969482422,6dg8bm1r,reacher-hard-v0_1_20260728-165747_Ours+curiosity_res_buf200k_ftlr0.0001_clip1.0_A10.0_On0.0_anlFalse
200k,200000,1,18,99.30000305175781,6dg8bm1r,reacher-hard-v0_1_20260728-165747_Ours+curiosity_res_buf200k_ftlr0.0001_clip1.0_A10.0_On0.0_anlFalse
200k,200000,1,19,1.600000023841858,6dg8bm1r,reacher-hard-v0_1_20260728-165747_Ours+curiosity_res_buf200k_ftlr0.0001_clip1.0_A10.0_On0.0_anlFalse
200k,200000,1,20,38.29999923706055,6dg8bm1r,reacher-hard-v0_1_20260728-165747_Ours+curiosity_res_buf200k_ftlr0.0001_clip1.0_A10.0_On0.0_anlFalse
200k,200000,1,21,1.5,6dg8bm1r,reacher-hard-v0_1_20260728-165747_Ours+curiosity_res_buf200k_ftlr0.0001_clip1.0_A10.0_On0.0_anlFalse
200k,200000,1,22,99.19999694824219,6dg8bm1r,reacher-hard-v0_1_20260728-165747_Ours+curiosity_res_buf200k_ftlr0.0001_clip1.0_A10.0_On0.0_anlFalse
200k,200000,1,23,372.3999938964844,6dg8bm1r,reacher-hard-v0_1_20260728-165747_Ours+curiosity_res_buf200k_ftlr0.0001_clip1.0_A10.0_On0.0_anlFalse
200k,200000,1,24,436.79998779296875,6dg8bm1r,reacher-hard-v0_1_20260728-165747_Ours+curiosity_res_buf200k_ftlr0.0001_clip1.0_A10.0_On0.0_anlFalse
200k,200000,1,25,413.5,6dg8bm1r,reacher-hard-v0_1_20260728-165747_Ours+curiosity_res_buf200k_ftlr0.0001_clip1.0_A10.0_On0.0_anlFalse
200k,200000,1,26,373.20001220703125,6dg8bm1r,reacher-hard-v0_1_20260728-165747_Ours+curiosity_res_buf200k_ftlr0.0001_clip1.0_A10.0_On0.0_anlFalse
200k,200000,1,27,464.29998779296875,6dg8bm1r,reacher-hard-v0_1_20260728-165747_Ours+curiosity_res_buf200k_ftlr0.0001_clip1.0_A10.0_On0.0_anlFalse
200k,200000,1,28,650.2999877929688,6dg8bm1r,reacher-hard-v0_1_20260728-165747_Ours+curiosity_res_buf200k_ftlr0.0001_clip1.0_A10.0_On0.0_anlFalse
200k,200000,1,29,379.1000061035156,6dg8bm1r,reacher-hard-v0_1_20260728-165747_Ours+curiosity_res_buf200k_ftlr0.0001_clip1.0_A10.0_On0.0_anlFalse
200k,200000,1,30,152.6999969482422,6dg8bm1r,reacher-hard-v0_1_20260728-165747_Ours+curiosity_res_buf200k_ftlr0.0001_clip1.0_A10.0_On0.0_anlFalse
200k,200000,1,31,624.5999755859375,6dg8bm1r,reacher-hard-v0_1_20260728-165747_Ours+curiosity_res_buf200k_ftlr0.0001_clip1.0_A10.0_On0.0_anlFalse
200k,200000,1,32,288.70001220703125,6dg8bm1r,reacher-hard-v0_1_20260728-165747_Ours+curiosity_res_buf200k_ftlr0.0001_clip1.0_A10.0_On0.0_anlFalse
200k,200000,1,33,605.7000122070312,6dg8bm1r,reacher-hard-v0_1_20260728-165747_Ours+curiosity_res_buf200k_ftlr0.0001_clip1.0_A10.0_On0.0_anlFalse
200k,200000,1,34,675.2999877929688,6dg8bm1r,reacher-hard-v0_1_20260728-165747_Ours+curiosity_res_buf200k_ftlr0.0001_clip1.0_A10.0_On0.0_anlFalse
200k,200000,1,35,579.7000122070312,6dg8bm1r,reacher-hard-v0_1_20260728-165747_Ours+curiosity_res_buf200k_ftlr0.0001_clip1.0_A10.0_On0.0_anlFalse
200k,200000,1,36,480.70001220703125,6dg8bm1r,reacher-hard-v0_1_20260728-165747_Ours+curiosity_res_buf200k_ftlr0.0001_clip1.0_A10.0_On0.0_anlFalse
200k,200000,1,37,768.7000122070312,6dg8bm1r,reacher-hard-v0_1_20260728-165747_Ours+curiosity_res_buf200k_ftlr0.0001_clip1.0_A10.0_On0.0_anlFalse
200k,200000,1,38,772.0999755859375,6dg8bm1r,reacher-hard-v0_1_20260728-165747_Ours+curiosity_res_buf200k_ftlr0.0001_clip1.0_A10.0_On0.0_anlFalse
200k,200000,1,39,288.1000061035156,6dg8bm1r,reacher-hard-v0_1_20260728-165747_Ours+curiosity_res_buf200k_ftlr0.0001_clip1.0_A10.0_On0.0_anlFalse
200k,200000,1,40,572.0999755859375,6dg8bm1r,reacher-hard-v0_1_20260728-165747_Ours+curiosity_res_buf200k_ftlr0.0001_clip1.0_A10.0_On0.0_anlFalse
200k,200000,1,41,387.20001220703125,6dg8bm1r,reacher-hard-v0_1_20260728-165747_Ours+curiosity_res_buf200k_ftlr0.0001_clip1.0_A10.0_On0.0_anlFalse
200k,200000,1,42,289.29998779296875,6dg8bm1r,reacher-hard-v0_1_20260728-165747_Ours+curiosity_res_buf200k_ftlr0.0001_clip1.0_A10.0_On0.0_anlFalse
200k,200000,1,43,690.0999755859375,6dg8bm1r,reacher-hard-v0_1_20260728-165747_Ours+curiosity_res_buf200k_ftlr0.0001_clip1.0_A10.0_On0.0_anlFalse
200k,200000,1,44,580.4000244140625,6dg8bm1r,reacher-hard-v0_1_20260728-165747_Ours+curiosity_res_buf200k_ftlr0.0001_clip1.0_A10.0_On0.0_anlFalse
200k,200000,1,45,659.7000122070312,6dg8bm1r,reacher-hard-v0_1_20260728-165747_Ours+curiosity_res_buf200k_ftlr0.0001_clip1.0_A10.0_On0.0_anlFalse
200k,200000,1,46,636.0999755859375,6dg8bm1r,reacher-hard-v0_1_20260728-165747_Ours+curiosity_res_buf200k_ftlr0.0001_clip1.0_A10.0_On0.0_anlFalse
200k,200000,1,47,561.5999755859375,6dg8bm1r,reacher-hard-v0_1_20260728-165747_Ours+curiosity_res_buf200k_ftlr0.0001_clip1.0_A10.0_On0.0_anlFalse
200k,200000,1,48,470,6dg8bm1r,reacher-hard-v0_1_20260728-165747_Ours+curiosity_res_buf200k_ftlr0.0001_clip1.0_A10.0_On0.0_anlFalse
200k,200000,1,49,663.7000122070312,6dg8bm1r,reacher-hard-v0_1_20260728-165747_Ours+curiosity_res_buf200k_ftlr0.0001_clip1.0_A10.0_On0.0_anlFalse
200k,200000,1,50,862.2000122070312,6dg8bm1r,reacher-hard-v0_1_20260728-165747_Ours+curiosity_res_buf200k_ftlr0.0001_clip1.0_A10.0_On0.0_anlFalse
200k,200000,1,51,552.5,6dg8bm1r,reacher-hard-v0_1_20260728-165747_Ours+curiosity_res_buf200k_ftlr0.0001_clip1.0_A10.0_On0.0_anlFalse
200k,200000,1,52,638.2999877929688,6dg8bm1r,reacher-hard-v0_1_20260728-165747_Ours+curiosity_res_buf200k_ftlr0.0001_clip1.0_A10.0_On0.0_anlFalse
200k,200000,1,53,669.5999755859375,6dg8bm1r,reacher-hard-v0_1_20260728-165747_Ours+curiosity_res_buf200k_ftlr0.0001_clip1.0_A10.0_On0.0_anlFalse
200k,200000,1,54,762.5,6dg8bm1r,reacher-hard-v0_1_20260728-165747_Ours+curiosity_res_buf200k_ftlr0.0001_clip1.0_A10.0_On0.0_anlFalse
200k,200000,1,55,810.2999877929688,6dg8bm1r,reacher-hard-v0_1_20260728-165747_Ours+curiosity_res_buf200k_ftlr0.0001_clip1.0_A10.0_On0.0_anlFalse
200k,200000,1,56,754.2000122070312,6dg8bm1r,reacher-hard-v0_1_20260728-165747_Ours+curiosity_res_buf200k_ftlr0.0001_clip1.0_A10.0_On0.0_anlFalse
200k,200000,1,57,851.2000122070312,6dg8bm1r,reacher-hard-v0_1_20260728-165747_Ours+curiosity_res_buf200k_ftlr0.0001_clip1.0_A10.0_On0.0_anlFalse
200k,200000,1,58,957.7999877929688,6dg8bm1r,reacher-hard-v0_1_20260728-165747_Ours+curiosity_res_buf200k_ftlr0.0001_clip1.0_A10.0_On0.0_anlFalse
200k,200000,1,59,934.5999755859375,6dg8bm1r,reacher-hard-v0_1_20260728-165747_Ours+curiosity_res_buf200k_ftlr0.0001_clip1.0_A10.0_On0.0_anlFalse
200k,200000,1,60,663.7000122070312,6dg8bm1r,reacher-hard-v0_1_20260728-165747_Ours+curiosity_res_buf200k_ftlr0.0001_clip1.0_A10.0_On0.0_anlFalse
200k,200000,1,61,868.0999755859375,6dg8bm1r,reacher-hard-v0_1_20260728-165747_Ours+curiosity_res_buf200k_ftlr0.0001_clip1.0_A10.0_On0.0_anlFalse
200k,200000,1,62,845.2999877929688,6dg8bm1r,reacher-hard-v0_1_20260728-165747_Ours+curiosity_res_buf200k_ftlr0.0001_clip1.0_A10.0_On0.0_anlFalse
200k,200000,1,63,594,6dg8bm1r,reacher-hard-v0_1_20260728-165747_Ours+curiosity_res_buf200k_ftlr0.0001_clip1.0_A10.0_On0.0_anlFalse
200k,200000,1,64,772.2999877929688,6dg8bm1r,reacher-hard-v0_1_20260728-165747_Ours+curiosity_res_buf200k_ftlr0.0001_clip1.0_A10.0_On0.0_anlFalse
200k,200000,1,65,378,6dg8bm1r,reacher-hard-v0_1_20260728-165747_Ours+curiosity_res_buf200k_ftlr0.0001_clip1.0_A10.0_On0.0_anlFalse
200k,200000,1,66,759.5,6dg8bm1r,reacher-hard-v0_1_20260728-165747_Ours+curiosity_res_buf200k_ftlr0.0001_clip1.0_A10.0_On0.0_anlFalse
200k,200000,1,67,855.2000122070312,6dg8bm1r,reacher-hard-v0_1_20260728-165747_Ours+curiosity_res_buf200k_ftlr0.0001_clip1.0_A10.0_On0.0_anlFalse
200k,200000,1,68,847.5,6dg8bm1r,reacher-hard-v0_1_20260728-165747_Ours+curiosity_res_buf200k_ftlr0.0001_clip1.0_A10.0_On0.0_anlFalse
200k,200000,1,69,676.2999877929688,6dg8bm1r,reacher-hard-v0_1_20260728-165747_Ours+curiosity_res_buf200k_ftlr0.0001_clip1.0_A10.0_On0.0_anlFalse
200k,200000,1,70,773.5999755859375,6dg8bm1r,reacher-hard-v0_1_20260728-165747_Ours+curiosity_res_buf200k_ftlr0.0001_clip1.0_A10.0_On0.0_anlFalse
200k,200000,1,71,665,6dg8bm1r,reacher-hard-v0_1_20260728-165747_Ours+curiosity_res_buf200k_ftlr0.0001_clip1.0_A10.0_On0.0_anlFalse
200k,200000,1,72,765.5,6dg8bm1r,reacher-hard-v0_1_20260728-165747_Ours+curiosity_res_buf200k_ftlr0.0001_clip1.0_A10.0_On0.0_anlFalse
200k,200000,1,73,571.2999877929688,6dg8bm1r,reacher-hard-v0_1_20260728-165747_Ours+curiosity_res_buf200k_ftlr0.0001_clip1.0_A10.0_On0.0_anlFalse
200k,200000,1,74,855,6dg8bm1r,reacher-hard-v0_1_20260728-165747_Ours+curiosity_res_buf200k_ftlr0.0001_clip1.0_A10.0_On0.0_anlFalse
200k,200000,1,75,676.5,6dg8bm1r,reacher-hard-v0_1_20260728-165747_Ours+curiosity_res_buf200k_ftlr0.0001_clip1.0_A10.0_On0.0_anlFalse
200k,200000,1,76,858.0999755859375,6dg8bm1r,reacher-hard-v0_1_20260728-165747_Ours+curiosity_res_buf200k_ftlr0.0001_clip1.0_A10.0_On0.0_anlFalse
200k,200000,1,77,860,6dg8bm1r,reacher-hard-v0_1_20260728-165747_Ours+curiosity_res_buf200k_ftlr0.0001_clip1.0_A10.0_On0.0_anlFalse
200k,200000,1,78,759.2000122070312,6dg8bm1r,reacher-hard-v0_1_20260728-165747_Ours+curiosity_res_buf200k_ftlr0.0001_clip1.0_A10.0_On0.0_anlFalse
200k,200000,1,79,766.7999877929688,6dg8bm1r,reacher-hard-v0_1_20260728-165747_Ours+curiosity_res_buf200k_ftlr0.0001_clip1.0_A10.0_On0.0_anlFalse
200k,200000,1,80,769.7000122070312,6dg8bm1r,reacher-hard-v0_1_20260728-165747_Ours+curiosity_res_buf200k_ftlr0.0001_clip1.0_A10.0_On0.0_anlFalse
200k,200000,1,81,852.2999877929688,6dg8bm1r,reacher-hard-v0_1_20260728-165747_Ours+curiosity_res_buf200k_ftlr0.0001_clip1.0_A10.0_On0.0_anlFalse
200k,200000,1,82,666.5,6dg8bm1r,reacher-hard-v0_1_20260728-165747_Ours+curiosity_res_buf200k_ftlr0.0001_clip1.0_A10.0_On0.0_anlFalse
200k,200000,1,83,487.3999938964844,6dg8bm1r,reacher-hard-v0_1_20260728-165747_Ours+curiosity_res_buf200k_ftlr0.0001_clip1.0_A10.0_On0.0_anlFalse
200k,200000,1,84,733.2000122070312,6dg8bm1r,reacher-hard-v0_1_20260728-165747_Ours+curiosity_res_buf200k_ftlr0.0001_clip1.0_A10.0_On0.0_anlFalse
200k,200000,1,85,861.5999755859375,6dg8bm1r,reacher-hard-v0_1_20260728-165747_Ours+curiosity_res_buf200k_ftlr0.0001_clip1.0_A10.0_On0.0_anlFalse
200k,200000,1,86,675.7999877929688,6dg8bm1r,reacher-hard-v0_1_20260728-165747_Ours+curiosity_res_buf200k_ftlr0.0001_clip1.0_A10.0_On0.0_anlFalse
200k,200000,1,87,677.9000244140625,6dg8bm1r,reacher-hard-v0_1_20260728-165747_Ours+curiosity_res_buf200k_ftlr0.0001_clip1.0_A10.0_On0.0_anlFalse
200k,200000,1,88,847.7000122070312,6dg8bm1r,reacher-hard-v0_1_20260728-165747_Ours+curiosity_res_buf200k_ftlr0.0001_clip1.0_A10.0_On0.0_anlFalse
200k,200000,1,89,791.9000244140625,6dg8bm1r,reacher-hard-v0_1_20260728-165747_Ours+curiosity_res_buf200k_ftlr0.0001_clip1.0_A10.0_On0.0_anlFalse
200k,200000,1,90,765.2000122070312,6dg8bm1r,reacher-hard-v0_1_20260728-165747_Ours+curiosity_res_buf200k_ftlr0.0001_clip1.0_A10.0_On0.0_anlFalse
200k,200000,1,91,943.5999755859375,6dg8bm1r,reacher-hard-v0_1_20260728-165747_Ours+curiosity_res_buf200k_ftlr0.0001_clip1.0_A10.0_On0.0_anlFalse
200k,200000,1,92,852.9000244140625,6dg8bm1r,reacher-hard-v0_1_20260728-165747_Ours+curiosity_res_buf200k_ftlr0.0001_clip1.0_A10.0_On0.0_anlFalse
200k,200000,1,93,942,6dg8bm1r,reacher-hard-v0_1_20260728-165747_Ours+curiosity_res_buf200k_ftlr0.0001_clip1.0_A10.0_On0.0_anlFalse
200k,200000,1,94,734.5,6dg8bm1r,reacher-hard-v0_1_20260728-165747_Ours+curiosity_res_buf200k_ftlr0.0001_clip1.0_A10.0_On0.0_anlFalse
200k,200000,1,95,857.2999877929688,6dg8bm1r,reacher-hard-v0_1_20260728-165747_Ours+curiosity_res_buf200k_ftlr0.0001_clip1.0_A10.0_On0.0_anlFalse
200k,200000,1,96,944.7999877929688,6dg8bm1r,reacher-hard-v0_1_20260728-165747_Ours+curiosity_res_buf200k_ftlr0.0001_clip1.0_A10.0_On0.0_anlFalse
200k,200000,1,97,858.2000122070312,6dg8bm1r,reacher-hard-v0_1_20260728-165747_Ours+curiosity_res_buf200k_ftlr0.0001_clip1.0_A10.0_On0.0_anlFalse
200k,200000,1,98,732.4000244140625,6dg8bm1r,reacher-hard-v0_1_20260728-165747_Ours+curiosity_res_buf200k_ftlr0.0001_clip1.0_A10.0_On0.0_anlFalse
200k,200000,1,99,956.5999755859375,6dg8bm1r,reacher-hard-v0_1_20260728-165747_Ours+curiosity_res_buf200k_ftlr0.0001_clip1.0_A10.0_On0.0_anlFalse
200k,200000,0,0,3.799999952316284,o4y8lsjt,reacher-hard-v0_0_20260728-180843_Ours+curiosity_res_buf200k_ftlr0.0001_clip1.0_A10.0_On0.0_anlFalse
200k,200000,0,1,3.799999952316284,o4y8lsjt,reacher-hard-v0_0_20260728-180843_Ours+curiosity_res_buf200k_ftlr0.0001_clip1.0_A10.0_On0.0_anlFalse
200k,200000,0,2,1.7999999523162842,o4y8lsjt,reacher-hard-v0_0_20260728-180843_Ours+curiosity_res_buf200k_ftlr0.0001_clip1.0_A10.0_On0.0_anlFalse
200k,200000,0,3,11.199999809265137,o4y8lsjt,reacher-hard-v0_0_20260728-180843_Ours+curiosity_res_buf200k_ftlr0.0001_clip1.0_A10.0_On0.0_anlFalse
200k,200000,0,4,25.799999237060547,o4y8lsjt,reacher-hard-v0_0_20260728-180843_Ours+curiosity_res_buf200k_ftlr0.0001_clip1.0_A10.0_On0.0_anlFalse
200k,200000,0,5,0.6000000238418579,o4y8lsjt,reacher-hard-v0_0_20260728-180843_Ours+curiosity_res_buf200k_ftlr0.0001_clip1.0_A10.0_On0.0_anlFalse
200k,200000,0,6,20.100000381469727,o4y8lsjt,reacher-hard-v0_0_20260728-180843_Ours+curiosity_res_buf200k_ftlr0.0001_clip1.0_A10.0_On0.0_anlFalse
200k,200000,0,7,0,o4y8lsjt,reacher-hard-v0_0_20260728-180843_Ours+curiosity_res_buf200k_ftlr0.0001_clip1.0_A10.0_On0.0_anlFalse
200k,200000,0,8,13.300000190734863,o4y8lsjt,reacher-hard-v0_0_20260728-180843_Ours+curiosity_res_buf200k_ftlr0.0001_clip1.0_A10.0_On0.0_anlFalse
200k,200000,0,9,93.80000305175781,o4y8lsjt,reacher-hard-v0_0_20260728-180843_Ours+curiosity_res_buf200k_ftlr0.0001_clip1.0_A10.0_On0.0_anlFalse
200k,200000,0,10,2.0999999046325684,o4y8lsjt,reacher-hard-v0_0_20260728-180843_Ours+curiosity_res_buf200k_ftlr0.0001_clip1.0_A10.0_On0.0_anlFalse
200k,200000,0,11,82,o4y8lsjt,reacher-hard-v0_0_20260728-180843_Ours+curiosity_res_buf200k_ftlr0.0001_clip1.0_A10.0_On0.0_anlFalse
200k,200000,0,12,0,o4y8lsjt,reacher-hard-v0_0_20260728-180843_Ours+curiosity_res_buf200k_ftlr0.0001_clip1.0_A10.0_On0.0_anlFalse
200k,200000,0,13,282.1000061035156,o4y8lsjt,reacher-hard-v0_0_20260728-180843_Ours+curiosity_res_buf200k_ftlr0.0001_clip1.0_A10.0_On0.0_anlFalse
200k,200000,0,14,195.8000030517578,o4y8lsjt,reacher-hard-v0_0_20260728-180843_Ours+curiosity_res_buf200k_ftlr0.0001_clip1.0_A10.0_On0.0_anlFalse
200k,200000,0,15,259,o4y8lsjt,reacher-hard-v0_0_20260728-180843_Ours+curiosity_res_buf200k_ftlr0.0001_clip1.0_A10.0_On0.0_anlFalse
200k,200000,0,16,282.6000061035156,o4y8lsjt,reacher-hard-v0_0_20260728-180843_Ours+curiosity_res_buf200k_ftlr0.0001_clip1.0_A10.0_On0.0_anlFalse
200k,200000,0,17,189.5,o4y8lsjt,reacher-hard-v0_0_20260728-180843_Ours+curiosity_res_buf200k_ftlr0.0001_clip1.0_A10.0_On0.0_anlFalse
200k,200000,0,18,577.9000244140625,o4y8lsjt,reacher-hard-v0_0_20260728-180843_Ours+curiosity_res_buf200k_ftlr0.0001_clip1.0_A10.0_On0.0_anlFalse
200k,200000,0,19,574.9000244140625,o4y8lsjt,reacher-hard-v0_0_20260728-180843_Ours+curiosity_res_buf200k_ftlr0.0001_clip1.0_A10.0_On0.0_anlFalse
200k,200000,0,20,199.1999969482422,o4y8lsjt,reacher-hard-v0_0_20260728-180843_Ours+curiosity_res_buf200k_ftlr0.0001_clip1.0_A10.0_On0.0_anlFalse
200k,200000,0,21,256.29998779296875,o4y8lsjt,reacher-hard-v0_0_20260728-180843_Ours+curiosity_res_buf200k_ftlr0.0001_clip1.0_A10.0_On0.0_anlFalse
200k,200000,0,22,191.5,o4y8lsjt,reacher-hard-v0_0_20260728-180843_Ours+curiosity_res_buf200k_ftlr0.0001_clip1.0_A10.0_On0.0_anlFalse
200k,200000,0,23,95.69999694824219,o4y8lsjt,reacher-hard-v0_0_20260728-180843_Ours+curiosity_res_buf200k_ftlr0.0001_clip1.0_A10.0_On0.0_anlFalse
200k,200000,0,24,193.6999969482422,o4y8lsjt,reacher-hard-v0_0_20260728-180843_Ours+curiosity_res_buf200k_ftlr0.0001_clip1.0_A10.0_On0.0_anlFalse
200k,200000,0,25,288.1000061035156,o4y8lsjt,reacher-hard-v0_0_20260728-180843_Ours+curiosity_res_buf200k_ftlr0.0001_clip1.0_A10.0_On0.0_anlFalse
200k,200000,0,26,2.799999952316284,o4y8lsjt,reacher-hard-v0_0_20260728-180843_Ours+curiosity_res_buf200k_ftlr0.0001_clip1.0_A10.0_On0.0_anlFalse
200k,200000,0,27,385.79998779296875,o4y8lsjt,reacher-hard-v0_0_20260728-180843_Ours+curiosity_res_buf200k_ftlr0.0001_clip1.0_A10.0_On0.0_anlFalse
200k,200000,0,28,5.699999809265137,o4y8lsjt,reacher-hard-v0_0_20260728-180843_Ours+curiosity_res_buf200k_ftlr0.0001_clip1.0_A10.0_On0.0_anlFalse
200k,200000,0,29,659.2000122070312,o4y8lsjt,reacher-hard-v0_0_20260728-180843_Ours+curiosity_res_buf200k_ftlr0.0001_clip1.0_A10.0_On0.0_anlFalse
200k,200000,0,30,555.2000122070312,o4y8lsjt,reacher-hard-v0_0_20260728-180843_Ours+curiosity_res_buf200k_ftlr0.0001_clip1.0_A10.0_On0.0_anlFalse
200k,200000,0,31,185.39999389648438,o4y8lsjt,reacher-hard-v0_0_20260728-180843_Ours+curiosity_res_buf200k_ftlr0.0001_clip1.0_A10.0_On0.0_anlFalse
200k,200000,0,32,528.2000122070312,o4y8lsjt,reacher-hard-v0_0_20260728-180843_Ours+curiosity_res_buf200k_ftlr0.0001_clip1.0_A10.0_On0.0_anlFalse
200k,200000,0,33,297,o4y8lsjt,reacher-hard-v0_0_20260728-180843_Ours+curiosity_res_buf200k_ftlr0.0001_clip1.0_A10.0_On0.0_anlFalse
200k,200000,0,34,404.8999938964844,o4y8lsjt,reacher-hard-v0_0_20260728-180843_Ours+curiosity_res_buf200k_ftlr0.0001_clip1.0_A10.0_On0.0_anlFalse
200k,200000,0,35,503.20001220703125,o4y8lsjt,reacher-hard-v0_0_20260728-180843_Ours+curiosity_res_buf200k_ftlr0.0001_clip1.0_A10.0_On0.0_anlFalse
200k,200000,0,36,675.9000244140625,o4y8lsjt,reacher-hard-v0_0_20260728-180843_Ours+curiosity_res_buf200k_ftlr0.0001_clip1.0_A10.0_On0.0_anlFalse
200k,200000,0,37,651.5999755859375,o4y8lsjt,reacher-hard-v0_0_20260728-180843_Ours+curiosity_res_buf200k_ftlr0.0001_clip1.0_A10.0_On0.0_anlFalse
200k,200000,0,38,294.70001220703125,o4y8lsjt,reacher-hard-v0_0_20260728-180843_Ours+curiosity_res_buf200k_ftlr0.0001_clip1.0_A10.0_On0.0_anlFalse
200k,200000,0,39,469.20001220703125,o4y8lsjt,reacher-hard-v0_0_20260728-180843_Ours+curiosity_res_buf200k_ftlr0.0001_clip1.0_A10.0_On0.0_anlFalse
200k,200000,0,40,380.20001220703125,o4y8lsjt,reacher-hard-v0_0_20260728-180843_Ours+curiosity_res_buf200k_ftlr0.0001_clip1.0_A10.0_On0.0_anlFalse
200k,200000,0,41,337.6000061035156,o4y8lsjt,reacher-hard-v0_0_20260728-180843_Ours+curiosity_res_buf200k_ftlr0.0001_clip1.0_A10.0_On0.0_anlFalse
200k,200000,0,42,371.20001220703125,o4y8lsjt,reacher-hard-v0_0_20260728-180843_Ours+curiosity_res_buf200k_ftlr0.0001_clip1.0_A10.0_On0.0_anlFalse
200k,200000,0,43,474.20001220703125,o4y8lsjt,reacher-hard-v0_0_20260728-180843_Ours+curiosity_res_buf200k_ftlr0.0001_clip1.0_A10.0_On0.0_anlFalse
200k,200000,0,44,380.70001220703125,o4y8lsjt,reacher-hard-v0_0_20260728-180843_Ours+curiosity_res_buf200k_ftlr0.0001_clip1.0_A10.0_On0.0_anlFalse
200k,200000,0,45,663.4000244140625,o4y8lsjt,reacher-hard-v0_0_20260728-180843_Ours+curiosity_res_buf200k_ftlr0.0001_clip1.0_A10.0_On0.0_anlFalse
200k,200000,0,46,668.5,o4y8lsjt,reacher-hard-v0_0_20260728-180843_Ours+curiosity_res_buf200k_ftlr0.0001_clip1.0_A10.0_On0.0_anlFalse
200k,200000,0,47,716.2999877929688,o4y8lsjt,reacher-hard-v0_0_20260728-180843_Ours+curiosity_res_buf200k_ftlr0.0001_clip1.0_A10.0_On0.0_anlFalse
200k,200000,0,48,380.20001220703125,o4y8lsjt,reacher-hard-v0_0_20260728-180843_Ours+curiosity_res_buf200k_ftlr0.0001_clip1.0_A10.0_On0.0_anlFalse
200k,200000,0,49,742.5999755859375,o4y8lsjt,reacher-hard-v0_0_20260728-180843_Ours+curiosity_res_buf200k_ftlr0.0001_clip1.0_A10.0_On0.0_anlFalse
200k,200000,0,50,193.1999969482422,o4y8lsjt,reacher-hard-v0_0_20260728-180843_Ours+curiosity_res_buf200k_ftlr0.0001_clip1.0_A10.0_On0.0_anlFalse
200k,200000,0,51,565.5999755859375,o4y8lsjt,reacher-hard-v0_0_20260728-180843_Ours+curiosity_res_buf200k_ftlr0.0001_clip1.0_A10.0_On0.0_anlFalse
200k,200000,0,52,673.5,o4y8lsjt,reacher-hard-v0_0_20260728-180843_Ours+curiosity_res_buf200k_ftlr0.0001_clip1.0_A10.0_On0.0_anlFalse
200k,200000,0,53,285,o4y8lsjt,reacher-hard-v0_0_20260728-180843_Ours+curiosity_res_buf200k_ftlr0.0001_clip1.0_A10.0_On0.0_anlFalse
200k,200000,0,54,280.1000061035156,o4y8lsjt,reacher-hard-v0_0_20260728-180843_Ours+curiosity_res_buf200k_ftlr0.0001_clip1.0_A10.0_On0.0_anlFalse
200k,200000,0,55,50.599998474121094,o4y8lsjt,reacher-hard-v0_0_20260728-180843_Ours+curiosity_res_buf200k_ftlr0.0001_clip1.0_A10.0_On0.0_anlFalse
200k,200000,0,56,96.4000015258789,o4y8lsjt,reacher-hard-v0_0_20260728-180843_Ours+curiosity_res_buf200k_ftlr0.0001_clip1.0_A10.0_On0.0_anlFalse
200k,200000,0,57,770.4000244140625,o4y8lsjt,reacher-hard-v0_0_20260728-180843_Ours+curiosity_res_buf200k_ftlr0.0001_clip1.0_A10.0_On0.0_anlFalse
200k,200000,0,58,480,o4y8lsjt,reacher-hard-v0_0_20260728-180843_Ours+curiosity_res_buf200k_ftlr0.0001_clip1.0_A10.0_On0.0_anlFalse
200k,200000,0,59,290.20001220703125,o4y8lsjt,reacher-hard-v0_0_20260728-180843_Ours+curiosity_res_buf200k_ftlr0.0001_clip1.0_A10.0_On0.0_anlFalse
200k,200000,0,60,459.29998779296875,o4y8lsjt,reacher-hard-v0_0_20260728-180843_Ours+curiosity_res_buf200k_ftlr0.0001_clip1.0_A10.0_On0.0_anlFalse
200k,200000,0,61,609.5,o4y8lsjt,reacher-hard-v0_0_20260728-180843_Ours+curiosity_res_buf200k_ftlr0.0001_clip1.0_A10.0_On0.0_anlFalse
200k,200000,0,62,564.5,o4y8lsjt,reacher-hard-v0_0_20260728-180843_Ours+curiosity_res_buf200k_ftlr0.0001_clip1.0_A10.0_On0.0_anlFalse
200k,200000,0,63,750.2000122070312,o4y8lsjt,reacher-hard-v0_0_20260728-180843_Ours+curiosity_res_buf200k_ftlr0.0001_clip1.0_A10.0_On0.0_anlFalse
200k,200000,0,64,381.79998779296875,o4y8lsjt,reacher-hard-v0_0_20260728-180843_Ours+curiosity_res_buf200k_ftlr0.0001_clip1.0_A10.0_On0.0_anlFalse
200k,200000,0,65,574.7000122070312,o4y8lsjt,reacher-hard-v0_0_20260728-180843_Ours+curiosity_res_buf200k_ftlr0.0001_clip1.0_A10.0_On0.0_anlFalse
200k,200000,0,66,186.10000610351562,o4y8lsjt,reacher-hard-v0_0_20260728-180843_Ours+curiosity_res_buf200k_ftlr0.0001_clip1.0_A10.0_On0.0_anlFalse
200k,200000,0,67,765.2000122070312,o4y8lsjt,reacher-hard-v0_0_20260728-180843_Ours+curiosity_res_buf200k_ftlr0.0001_clip1.0_A10.0_On0.0_anlFalse
200k,200000,0,68,852.5999755859375,o4y8lsjt,reacher-hard-v0_0_20260728-180843_Ours+curiosity_res_buf200k_ftlr0.0001_clip1.0_A10.0_On0.0_anlFalse
200k,200000,0,69,577.7999877929688,o4y8lsjt,reacher-hard-v0_0_20260728-180843_Ours+curiosity_res_buf200k_ftlr0.0001_clip1.0_A10.0_On0.0_anlFalse
200k,200000,0,70,664.5,o4y8lsjt,reacher-hard-v0_0_20260728-180843_Ours+curiosity_res_buf200k_ftlr0.0001_clip1.0_A10.0_On0.0_anlFalse
200k,200000,0,71,792.0999755859375,o4y8lsjt,reacher-hard-v0_0_20260728-180843_Ours+curiosity_res_buf200k_ftlr0.0001_clip1.0_A10.0_On0.0_anlFalse
200k,200000,0,72,574.7999877929688,o4y8lsjt,reacher-hard-v0_0_20260728-180843_Ours+curiosity_res_buf200k_ftlr0.0001_clip1.0_A10.0_On0.0_anlFalse
200k,200000,0,73,575,o4y8lsjt,reacher-hard-v0_0_20260728-180843_Ours+curiosity_res_buf200k_ftlr0.0001_clip1.0_A10.0_On0.0_anlFalse
200k,200000,0,74,359.20001220703125,o4y8lsjt,reacher-hard-v0_0_20260728-180843_Ours+curiosity_res_buf200k_ftlr0.0001_clip1.0_A10.0_On0.0_anlFalse
200k,200000,0,75,564.2999877929688,o4y8lsjt,reacher-hard-v0_0_20260728-180843_Ours+curiosity_res_buf200k_ftlr0.0001_clip1.0_A10.0_On0.0_anlFalse
200k,200000,0,76,483.3999938964844,o4y8lsjt,reacher-hard-v0_0_20260728-180843_Ours+curiosity_res_buf200k_ftlr0.0001_clip1.0_A10.0_On0.0_anlFalse
200k,200000,0,77,759.5,o4y8lsjt,reacher-hard-v0_0_20260728-180843_Ours+curiosity_res_buf200k_ftlr0.0001_clip1.0_A10.0_On0.0_anlFalse
200k,200000,0,78,476,o4y8lsjt,reacher-hard-v0_0_20260728-180843_Ours+curiosity_res_buf200k_ftlr0.0001_clip1.0_A10.0_On0.0_anlFalse
200k,200000,0,79,669.4000244140625,o4y8lsjt,reacher-hard-v0_0_20260728-180843_Ours+curiosity_res_buf200k_ftlr0.0001_clip1.0_A10.0_On0.0_anlFalse
200k,200000,0,80,655.4000244140625,o4y8lsjt,reacher-hard-v0_0_20260728-180843_Ours+curiosity_res_buf200k_ftlr0.0001_clip1.0_A10.0_On0.0_anlFalse
200k,200000,0,81,448.79998779296875,o4y8lsjt,reacher-hard-v0_0_20260728-180843_Ours+curiosity_res_buf200k_ftlr0.0001_clip1.0_A10.0_On0.0_anlFalse
200k,200000,0,82,507.6000061035156,o4y8lsjt,reacher-hard-v0_0_20260728-180843_Ours+curiosity_res_buf200k_ftlr0.0001_clip1.0_A10.0_On0.0_anlFalse
200k,200000,0,83,474.3999938964844,o4y8lsjt,reacher-hard-v0_0_20260728-180843_Ours+curiosity_res_buf200k_ftlr0.0001_clip1.0_A10.0_On0.0_anlFalse
200k,200000,0,84,658.7999877929688,o4y8lsjt,reacher-hard-v0_0_20260728-180843_Ours+curiosity_res_buf200k_ftlr0.0001_clip1.0_A10.0_On0.0_anlFalse
200k,200000,0,85,670.5999755859375,o4y8lsjt,reacher-hard-v0_0_20260728-180843_Ours+curiosity_res_buf200k_ftlr0.0001_clip1.0_A10.0_On0.0_anlFalse
200k,200000,0,86,670.4000244140625,o4y8lsjt,reacher-hard-v0_0_20260728-180843_Ours+curiosity_res_buf200k_ftlr0.0001_clip1.0_A10.0_On0.0_anlFalse
200k,200000,0,87,947.7999877929688,o4y8lsjt,reacher-hard-v0_0_20260728-180843_Ours+curiosity_res_buf200k_ftlr0.0001_clip1.0_A10.0_On0.0_anlFalse
200k,200000,0,88,735.5,o4y8lsjt,reacher-hard-v0_0_20260728-180843_Ours+curiosity_res_buf200k_ftlr0.0001_clip1.0_A10.0_On0.0_anlFalse
200k,200000,0,89,671.5999755859375,o4y8lsjt,reacher-hard-v0_0_20260728-180843_Ours+curiosity_res_buf200k_ftlr0.0001_clip1.0_A10.0_On0.0_anlFalse
200k,200000,0,90,768.4000244140625,o4y8lsjt,reacher-hard-v0_0_20260728-180843_Ours+curiosity_res_buf200k_ftlr0.0001_clip1.0_A10.0_On0.0_anlFalse
200k,200000,0,91,664,o4y8lsjt,reacher-hard-v0_0_20260728-180843_Ours+curiosity_res_buf200k_ftlr0.0001_clip1.0_A10.0_On0.0_anlFalse
200k,200000,0,92,671.7000122070312,o4y8lsjt,reacher-hard-v0_0_20260728-180843_Ours+curiosity_res_buf200k_ftlr0.0001_clip1.0_A10.0_On0.0_anlFalse
200k,200000,0,93,581.4000244140625,o4y8lsjt,reacher-hard-v0_0_20260728-180843_Ours+curiosity_res_buf200k_ftlr0.0001_clip1.0_A10.0_On0.0_anlFalse
200k,200000,0,94,764.2000122070312,o4y8lsjt,reacher-hard-v0_0_20260728-180843_Ours+curiosity_res_buf200k_ftlr0.0001_clip1.0_A10.0_On0.0_anlFalse
200k,200000,0,95,520,o4y8lsjt,reacher-hard-v0_0_20260728-180843_Ours+curiosity_res_buf200k_ftlr0.0001_clip1.0_A10.0_On0.0_anlFalse
200k,200000,0,96,565.5,o4y8lsjt,reacher-hard-v0_0_20260728-180843_Ours+curiosity_res_buf200k_ftlr0.0001_clip1.0_A10.0_On0.0_anlFalse
200k,200000,0,97,571.0999755859375,o4y8lsjt,reacher-hard-v0_0_20260728-180843_Ours+curiosity_res_buf200k_ftlr0.0001_clip1.0_A10.0_On0.0_anlFalse
200k,200000,0,98,655.2999877929688,o4y8lsjt,reacher-hard-v0_0_20260728-180843_Ours+curiosity_res_buf200k_ftlr0.0001_clip1.0_A10.0_On0.0_anlFalse
200k,200000,0,99,566.9000244140625,o4y8lsjt,reacher-hard-v0_0_20260728-180843_Ours+curiosity_res_buf200k_ftlr0.0001_clip1.0_A10.0_On0.0_anlFalse
200k,200000,2,0,11,wsy6mki5,reacher-hard-v0_2_20260728-180843_Ours+curiosity_res_buf200k_ftlr0.0001_clip1.0_A10.0_On0.0_anlFalse
200k,200000,2,1,2.5,wsy6mki5,reacher-hard-v0_2_20260728-180843_Ours+curiosity_res_buf200k_ftlr0.0001_clip1.0_A10.0_On0.0_anlFalse
200k,200000,2,2,24.600000381469727,wsy6mki5,reacher-hard-v0_2_20260728-180843_Ours+curiosity_res_buf200k_ftlr0.0001_clip1.0_A10.0_On0.0_anlFalse
200k,200000,2,3,11,wsy6mki5,reacher-hard-v0_2_20260728-180843_Ours+curiosity_res_buf200k_ftlr0.0001_clip1.0_A10.0_On0.0_anlFalse
200k,200000,2,4,12.300000190734863,wsy6mki5,reacher-hard-v0_2_20260728-180843_Ours+curiosity_res_buf200k_ftlr0.0001_clip1.0_A10.0_On0.0_anlFalse
200k,200000,2,5,1.399999976158142,wsy6mki5,reacher-hard-v0_2_20260728-180843_Ours+curiosity_res_buf200k_ftlr0.0001_clip1.0_A10.0_On0.0_anlFalse
200k,200000,2,6,0,wsy6mki5,reacher-hard-v0_2_20260728-180843_Ours+curiosity_res_buf200k_ftlr0.0001_clip1.0_A10.0_On0.0_anlFalse
200k,200000,2,7,0,wsy6mki5,reacher-hard-v0_2_20260728-180843_Ours+curiosity_res_buf200k_ftlr0.0001_clip1.0_A10.0_On0.0_anlFalse
200k,200000,2,8,0.6000000238418579,wsy6mki5,reacher-hard-v0_2_20260728-180843_Ours+curiosity_res_buf200k_ftlr0.0001_clip1.0_A10.0_On0.0_anlFalse
200k,200000,2,9,0.5,wsy6mki5,reacher-hard-v0_2_20260728-180843_Ours+curiosity_res_buf200k_ftlr0.0001_clip1.0_A10.0_On0.0_anlFalse
200k,200000,2,10,97.19999694824219,wsy6mki5,reacher-hard-v0_2_20260728-180843_Ours+curiosity_res_buf200k_ftlr0.0001_clip1.0_A10.0_On0.0_anlFalse
200k,200000,2,11,101.4000015258789,wsy6mki5,reacher-hard-v0_2_20260728-180843_Ours+curiosity_res_buf200k_ftlr0.0001_clip1.0_A10.0_On0.0_anlFalse
200k,200000,2,12,98.30000305175781,wsy6mki5,reacher-hard-v0_2_20260728-180843_Ours+curiosity_res_buf200k_ftlr0.0001_clip1.0_A10.0_On0.0_anlFalse
200k,200000,2,13,0.699999988079071,wsy6mki5,reacher-hard-v0_2_20260728-180843_Ours+curiosity_res_buf200k_ftlr0.0001_clip1.0_A10.0_On0.0_anlFalse
200k,200000,2,14,187.89999389648438,wsy6mki5,reacher-hard-v0_2_20260728-180843_Ours+curiosity_res_buf200k_ftlr0.0001_clip1.0_A10.0_On0.0_anlFalse
200k,200000,2,15,0.699999988079071,wsy6mki5,reacher-hard-v0_2_20260728-180843_Ours+curiosity_res_buf200k_ftlr0.0001_clip1.0_A10.0_On0.0_anlFalse
200k,200000,2,16,0.4000000059604645,wsy6mki5,reacher-hard-v0_2_20260728-180843_Ours+curiosity_res_buf200k_ftlr0.0001_clip1.0_A10.0_On0.0_anlFalse
200k,200000,2,17,0,wsy6mki5,reacher-hard-v0_2_20260728-180843_Ours+curiosity_res_buf200k_ftlr0.0001_clip1.0_A10.0_On0.0_anlFalse
200k,200000,2,18,0,wsy6mki5,reacher-hard-v0_2_20260728-180843_Ours+curiosity_res_buf200k_ftlr0.0001_clip1.0_A10.0_On0.0_anlFalse
200k,200000,2,19,0,wsy6mki5,reacher-hard-v0_2_20260728-180843_Ours+curiosity_res_buf200k_ftlr0.0001_clip1.0_A10.0_On0.0_anlFalse
200k,200000,2,20,1.100000023841858,wsy6mki5,reacher-hard-v0_2_20260728-180843_Ours+curiosity_res_buf200k_ftlr0.0001_clip1.0_A10.0_On0.0_anlFalse
200k,200000,2,21,91.30000305175781,wsy6mki5,reacher-hard-v0_2_20260728-180843_Ours+curiosity_res_buf200k_ftlr0.0001_clip1.0_A10.0_On0.0_anlFalse
200k,200000,2,22,0.4000000059604645,wsy6mki5,reacher-hard-v0_2_20260728-180843_Ours+curiosity_res_buf200k_ftlr0.0001_clip1.0_A10.0_On0.0_anlFalse
200k,200000,2,23,194.8000030517578,wsy6mki5,reacher-hard-v0_2_20260728-180843_Ours+curiosity_res_buf200k_ftlr0.0001_clip1.0_A10.0_On0.0_anlFalse
200k,200000,2,24,93.80000305175781,wsy6mki5,reacher-hard-v0_2_20260728-180843_Ours+curiosity_res_buf200k_ftlr0.0001_clip1.0_A10.0_On0.0_anlFalse
200k,200000,2,25,194.3000030517578,wsy6mki5,reacher-hard-v0_2_20260728-180843_Ours+curiosity_res_buf200k_ftlr0.0001_clip1.0_A10.0_On0.0_anlFalse
200k,200000,2,26,0,wsy6mki5,reacher-hard-v0_2_20260728-180843_Ours+curiosity_res_buf200k_ftlr0.0001_clip1.0_A10.0_On0.0_anlFalse
200k,200000,2,27,0.6000000238418579,wsy6mki5,reacher-hard-v0_2_20260728-180843_Ours+curiosity_res_buf200k_ftlr0.0001_clip1.0_A10.0_On0.0_anlFalse
200k,200000,2,28,98.5,wsy6mki5,reacher-hard-v0_2_20260728-180843_Ours+curiosity_res_buf200k_ftlr0.0001_clip1.0_A10.0_On0.0_anlFalse
200k,200000,2,29,10.899999618530273,wsy6mki5,reacher-hard-v0_2_20260728-180843_Ours+curiosity_res_buf200k_ftlr0.0001_clip1.0_A10.0_On0.0_anlFalse
200k,200000,2,30,0.30000001192092896,wsy6mki5,reacher-hard-v0_2_20260728-180843_Ours+curiosity_res_buf200k_ftlr0.0001_clip1.0_A10.0_On0.0_anlFalse
200k,200000,2,31,7.199999809265137,wsy6mki5,reacher-hard-v0_2_20260728-180843_Ours+curiosity_res_buf200k_ftlr0.0001_clip1.0_A10.0_On0.0_anlFalse
200k,200000,2,32,1.600000023841858,wsy6mki5,reacher-hard-v0_2_20260728-180843_Ours+curiosity_res_buf200k_ftlr0.0001_clip1.0_A10.0_On0.0_anlFalse
200k,200000,2,33,92.19999694824219,wsy6mki5,reacher-hard-v0_2_20260728-180843_Ours+curiosity_res_buf200k_ftlr0.0001_clip1.0_A10.0_On0.0_anlFalse
200k,200000,2,34,0,wsy6mki5,reacher-hard-v0_2_20260728-180843_Ours+curiosity_res_buf200k_ftlr0.0001_clip1.0_A10.0_On0.0_anlFalse
200k,200000,2,35,0.699999988079071,wsy6mki5,reacher-hard-v0_2_20260728-180843_Ours+curiosity_res_buf200k_ftlr0.0001_clip1.0_A10.0_On0.0_anlFalse
200k,200000,2,36,191.60000610351562,wsy6mki5,reacher-hard-v0_2_20260728-180843_Ours+curiosity_res_buf200k_ftlr0.0001_clip1.0_A10.0_On0.0_anlFalse
200k,200000,2,37,194.39999389648438,wsy6mki5,reacher-hard-v0_2_20260728-180843_Ours+curiosity_res_buf200k_ftlr0.0001_clip1.0_A10.0_On0.0_anlFalse
200k,200000,2,38,191.8000030517578,wsy6mki5,reacher-hard-v0_2_20260728-180843_Ours+curiosity_res_buf200k_ftlr0.0001_clip1.0_A10.0_On0.0_anlFalse
200k,200000,2,39,98.30000305175781,wsy6mki5,reacher-hard-v0_2_20260728-180843_Ours+curiosity_res_buf200k_ftlr0.0001_clip1.0_A10.0_On0.0_anlFalse
200k,200000,2,40,23.299999237060547,wsy6mki5,reacher-hard-v0_2_20260728-180843_Ours+curiosity_res_buf200k_ftlr0.0001_clip1.0_A10.0_On0.0_anlFalse
200k,200000,2,41,190.39999389648438,wsy6mki5,reacher-hard-v0_2_20260728-180843_Ours+curiosity_res_buf200k_ftlr0.0001_clip1.0_A10.0_On0.0_anlFalse
200k,200000,2,42,462.8999938964844,wsy6mki5,reacher-hard-v0_2_20260728-180843_Ours+curiosity_res_buf200k_ftlr0.0001_clip1.0_A10.0_On0.0_anlFalse
200k,200000,2,43,197.1999969482422,wsy6mki5,reacher-hard-v0_2_20260728-180843_Ours+curiosity_res_buf200k_ftlr0.0001_clip1.0_A10.0_On0.0_anlFalse
200k,200000,2,44,545.2000122070312,wsy6mki5,reacher-hard-v0_2_20260728-180843_Ours+curiosity_res_buf200k_ftlr0.0001_clip1.0_A10.0_On0.0_anlFalse
200k,200000,2,45,417.5,wsy6mki5,reacher-hard-v0_2_20260728-180843_Ours+curiosity_res_buf200k_ftlr0.0001_clip1.0_A10.0_On0.0_anlFalse
200k,200000,2,46,275,wsy6mki5,reacher-hard-v0_2_20260728-180843_Ours+curiosity_res_buf200k_ftlr0.0001_clip1.0_A10.0_On0.0_anlFalse
200k,200000,2,47,472.70001220703125,wsy6mki5,reacher-hard-v0_2_20260728-180843_Ours+curiosity_res_buf200k_ftlr0.0001_clip1.0_A10.0_On0.0_anlFalse
200k,200000,2,48,259.70001220703125,wsy6mki5,reacher-hard-v0_2_20260728-180843_Ours+curiosity_res_buf200k_ftlr0.0001_clip1.0_A10.0_On0.0_anlFalse
200k,200000,2,49,289.5,wsy6mki5,reacher-hard-v0_2_20260728-180843_Ours+curiosity_res_buf200k_ftlr0.0001_clip1.0_A10.0_On0.0_anlFalse
200k,200000,2,50,96.9000015258789,wsy6mki5,reacher-hard-v0_2_20260728-180843_Ours+curiosity_res_buf200k_ftlr0.0001_clip1.0_A10.0_On0.0_anlFalse
200k,200000,2,51,126.69999694824219,wsy6mki5,reacher-hard-v0_2_20260728-180843_Ours+curiosity_res_buf200k_ftlr0.0001_clip1.0_A10.0_On0.0_anlFalse
200k,200000,2,52,97.5999984741211,wsy6mki5,reacher-hard-v0_2_20260728-180843_Ours+curiosity_res_buf200k_ftlr0.0001_clip1.0_A10.0_On0.0_anlFalse
200k,200000,2,53,103.5,wsy6mki5,reacher-hard-v0_2_20260728-180843_Ours+curiosity_res_buf200k_ftlr0.0001_clip1.0_A10.0_On0.0_anlFalse
200k,200000,2,54,126.5999984741211,wsy6mki5,reacher-hard-v0_2_20260728-180843_Ours+curiosity_res_buf200k_ftlr0.0001_clip1.0_A10.0_On0.0_anlFalse
200k,200000,2,55,313.20001220703125,wsy6mki5,reacher-hard-v0_2_20260728-180843_Ours+curiosity_res_buf200k_ftlr0.0001_clip1.0_A10.0_On0.0_anlFalse
200k,200000,2,56,657.4000244140625,wsy6mki5,reacher-hard-v0_2_20260728-180843_Ours+curiosity_res_buf200k_ftlr0.0001_clip1.0_A10.0_On0.0_anlFalse
200k,200000,2,57,386.1000061035156,wsy6mki5,reacher-hard-v0_2_20260728-180843_Ours+curiosity_res_buf200k_ftlr0.0001_clip1.0_A10.0_On0.0_anlFalse
200k,200000,2,58,237.5,wsy6mki5,reacher-hard-v0_2_20260728-180843_Ours+curiosity_res_buf200k_ftlr0.0001_clip1.0_A10.0_On0.0_anlFalse
200k,200000,2,59,106,wsy6mki5,reacher-hard-v0_2_20260728-180843_Ours+curiosity_res_buf200k_ftlr0.0001_clip1.0_A10.0_On0.0_anlFalse
200k,200000,2,60,300.1000061035156,wsy6mki5,reacher-hard-v0_2_20260728-180843_Ours+curiosity_res_buf200k_ftlr0.0001_clip1.0_A10.0_On0.0_anlFalse
200k,200000,2,61,293.8999938964844,wsy6mki5,reacher-hard-v0_2_20260728-180843_Ours+curiosity_res_buf200k_ftlr0.0001_clip1.0_A10.0_On0.0_anlFalse
200k,200000,2,62,291.5,wsy6mki5,reacher-hard-v0_2_20260728-180843_Ours+curiosity_res_buf200k_ftlr0.0001_clip1.0_A10.0_On0.0_anlFalse
200k,200000,2,63,311.3999938964844,wsy6mki5,reacher-hard-v0_2_20260728-180843_Ours+curiosity_res_buf200k_ftlr0.0001_clip1.0_A10.0_On0.0_anlFalse
200k,200000,2,64,389.29998779296875,wsy6mki5,reacher-hard-v0_2_20260728-180843_Ours+curiosity_res_buf200k_ftlr0.0001_clip1.0_A10.0_On0.0_anlFalse
200k,200000,2,65,95.5999984741211,wsy6mki5,reacher-hard-v0_2_20260728-180843_Ours+curiosity_res_buf200k_ftlr0.0001_clip1.0_A10.0_On0.0_anlFalse
200k,200000,2,66,293.6000061035156,wsy6mki5,reacher-hard-v0_2_20260728-180843_Ours+curiosity_res_buf200k_ftlr0.0001_clip1.0_A10.0_On0.0_anlFalse
200k,200000,2,67,266.8999938964844,wsy6mki5,reacher-hard-v0_2_20260728-180843_Ours+curiosity_res_buf200k_ftlr0.0001_clip1.0_A10.0_On0.0_anlFalse
200k,200000,2,68,387.6000061035156,wsy6mki5,reacher-hard-v0_2_20260728-180843_Ours+curiosity_res_buf200k_ftlr0.0001_clip1.0_A10.0_On0.0_anlFalse
200k,200000,2,69,122.9000015258789,wsy6mki5,reacher-hard-v0_2_20260728-180843_Ours+curiosity_res_buf200k_ftlr0.0001_clip1.0_A10.0_On0.0_anlFalse
200k,200000,2,70,531.0999755859375,wsy6mki5,reacher-hard-v0_2_20260728-180843_Ours+curiosity_res_buf200k_ftlr0.0001_clip1.0_A10.0_On0.0_anlFalse
200k,200000,2,71,402.1000061035156,wsy6mki5,reacher-hard-v0_2_20260728-180843_Ours+curiosity_res_buf200k_ftlr0.0001_clip1.0_A10.0_On0.0_anlFalse
200k,200000,2,72,383.1000061035156,wsy6mki5,reacher-hard-v0_2_20260728-180843_Ours+curiosity_res_buf200k_ftlr0.0001_clip1.0_A10.0_On0.0_anlFalse
200k,200000,2,73,434.70001220703125,wsy6mki5,reacher-hard-v0_2_20260728-180843_Ours+curiosity_res_buf200k_ftlr0.0001_clip1.0_A10.0_On0.0_anlFalse
200k,200000,2,74,414,wsy6mki5,reacher-hard-v0_2_20260728-180843_Ours+curiosity_res_buf200k_ftlr0.0001_clip1.0_A10.0_On0.0_anlFalse
200k,200000,2,75,631.2000122070312,wsy6mki5,reacher-hard-v0_2_20260728-180843_Ours+curiosity_res_buf200k_ftlr0.0001_clip1.0_A10.0_On0.0_anlFalse
200k,200000,2,76,401.3999938964844,wsy6mki5,reacher-hard-v0_2_20260728-180843_Ours+curiosity_res_buf200k_ftlr0.0001_clip1.0_A10.0_On0.0_anlFalse
200k,200000,2,77,507.20001220703125,wsy6mki5,reacher-hard-v0_2_20260728-180843_Ours+curiosity_res_buf200k_ftlr0.0001_clip1.0_A10.0_On0.0_anlFalse
200k,200000,2,78,625.7000122070312,wsy6mki5,reacher-hard-v0_2_20260728-180843_Ours+curiosity_res_buf200k_ftlr0.0001_clip1.0_A10.0_On0.0_anlFalse
200k,200000,2,79,253,wsy6mki5,reacher-hard-v0_2_20260728-180843_Ours+curiosity_res_buf200k_ftlr0.0001_clip1.0_A10.0_On0.0_anlFalse
200k,200000,2,80,936.4000244140625,wsy6mki5,reacher-hard-v0_2_20260728-180843_Ours+curiosity_res_buf200k_ftlr0.0001_clip1.0_A10.0_On0.0_anlFalse
200k,200000,2,81,769.9000244140625,wsy6mki5,reacher-hard-v0_2_20260728-180843_Ours+curiosity_res_buf200k_ftlr0.0001_clip1.0_A10.0_On0.0_anlFalse
200k,200000,2,82,839.7000122070312,wsy6mki5,reacher-hard-v0_2_20260728-180843_Ours+curiosity_res_buf200k_ftlr0.0001_clip1.0_A10.0_On0.0_anlFalse
200k,200000,2,83,757.7000122070312,wsy6mki5,reacher-hard-v0_2_20260728-180843_Ours+curiosity_res_buf200k_ftlr0.0001_clip1.0_A10.0_On0.0_anlFalse
200k,200000,2,84,792.0999755859375,wsy6mki5,reacher-hard-v0_2_20260728-180843_Ours+curiosity_res_buf200k_ftlr0.0001_clip1.0_A10.0_On0.0_anlFalse
200k,200000,2,85,720.2999877929688,wsy6mki5,reacher-hard-v0_2_20260728-180843_Ours+curiosity_res_buf200k_ftlr0.0001_clip1.0_A10.0_On0.0_anlFalse
200k,200000,2,86,773,wsy6mki5,reacher-hard-v0_2_20260728-180843_Ours+curiosity_res_buf200k_ftlr0.0001_clip1.0_A10.0_On0.0_anlFalse
200k,200000,2,87,681.9000244140625,wsy6mki5,reacher-hard-v0_2_20260728-180843_Ours+curiosity_res_buf200k_ftlr0.0001_clip1.0_A10.0_On0.0_anlFalse
200k,200000,2,88,670.7999877929688,wsy6mki5,reacher-hard-v0_2_20260728-180843_Ours+curiosity_res_buf200k_ftlr0.0001_clip1.0_A10.0_On0.0_anlFalse
200k,200000,2,89,385.8999938964844,wsy6mki5,reacher-hard-v0_2_20260728-180843_Ours+curiosity_res_buf200k_ftlr0.0001_clip1.0_A10.0_On0.0_anlFalse
200k,200000,2,90,769.7999877929688,wsy6mki5,reacher-hard-v0_2_20260728-180843_Ours+curiosity_res_buf200k_ftlr0.0001_clip1.0_A10.0_On0.0_anlFalse
200k,200000,2,91,767,wsy6mki5,reacher-hard-v0_2_20260728-180843_Ours+curiosity_res_buf200k_ftlr0.0001_clip1.0_A10.0_On0.0_anlFalse
200k,200000,2,92,791,wsy6mki5,reacher-hard-v0_2_20260728-180843_Ours+curiosity_res_buf200k_ftlr0.0001_clip1.0_A10.0_On0.0_anlFalse
200k,200000,2,93,773.2000122070312,wsy6mki5,reacher-hard-v0_2_20260728-180843_Ours+curiosity_res_buf200k_ftlr0.0001_clip1.0_A10.0_On0.0_anlFalse
200k,200000,2,94,970.0999755859375,wsy6mki5,reacher-hard-v0_2_20260728-180843_Ours+curiosity_res_buf200k_ftlr0.0001_clip1.0_A10.0_On0.0_anlFalse
200k,200000,2,95,727,wsy6mki5,reacher-hard-v0_2_20260728-180843_Ours+curiosity_res_buf200k_ftlr0.0001_clip1.0_A10.0_On0.0_anlFalse
200k,200000,2,96,713.5,wsy6mki5,reacher-hard-v0_2_20260728-180843_Ours+curiosity_res_buf200k_ftlr0.0001_clip1.0_A10.0_On0.0_anlFalse
200k,200000,2,97,960.9000244140625,wsy6mki5,reacher-hard-v0_2_20260728-180843_Ours+curiosity_res_buf200k_ftlr0.0001_clip1.0_A10.0_On0.0_anlFalse
200k,200000,2,98,868.9000244140625,wsy6mki5,reacher-hard-v0_2_20260728-180843_Ours+curiosity_res_buf200k_ftlr0.0001_clip1.0_A10.0_On0.0_anlFalse
200k,200000,2,99,868.0999755859375,wsy6mki5,reacher-hard-v0_2_20260728-180843_Ours+curiosity_res_buf200k_ftlr0.0001_clip1.0_A10.0_On0.0_anlFalse
200k,200000,4,0,26.100000381469727,vbmco0mi,reacher-hard-v0_4_20260728-181207_Ours+curiosity_res_buf200k_ftlr0.0001_clip1.0_A10.0_On0.0_anlFalse
200k,200000,4,1,0,vbmco0mi,reacher-hard-v0_4_20260728-181207_Ours+curiosity_res_buf200k_ftlr0.0001_clip1.0_A10.0_On0.0_anlFalse
200k,200000,4,2,8.100000381469727,vbmco0mi,reacher-hard-v0_4_20260728-181207_Ours+curiosity_res_buf200k_ftlr0.0001_clip1.0_A10.0_On0.0_anlFalse
200k,200000,4,3,23.399999618530273,vbmco0mi,reacher-hard-v0_4_20260728-181207_Ours+curiosity_res_buf200k_ftlr0.0001_clip1.0_A10.0_On0.0_anlFalse
200k,200000,4,4,0,vbmco0mi,reacher-hard-v0_4_20260728-181207_Ours+curiosity_res_buf200k_ftlr0.0001_clip1.0_A10.0_On0.0_anlFalse
200k,200000,4,5,1.2999999523162842,vbmco0mi,reacher-hard-v0_4_20260728-181207_Ours+curiosity_res_buf200k_ftlr0.0001_clip1.0_A10.0_On0.0_anlFalse
200k,200000,4,6,0,vbmco0mi,reacher-hard-v0_4_20260728-181207_Ours+curiosity_res_buf200k_ftlr0.0001_clip1.0_A10.0_On0.0_anlFalse
200k,200000,4,7,0,vbmco0mi,reacher-hard-v0_4_20260728-181207_Ours+curiosity_res_buf200k_ftlr0.0001_clip1.0_A10.0_On0.0_anlFalse
200k,200000,4,8,2.4000000953674316,vbmco0mi,reacher-hard-v0_4_20260728-181207_Ours+curiosity_res_buf200k_ftlr0.0001_clip1.0_A10.0_On0.0_anlFalse
200k,200000,4,9,0.6000000238418579,vbmco0mi,reacher-hard-v0_4_20260728-181207_Ours+curiosity_res_buf200k_ftlr0.0001_clip1.0_A10.0_On0.0_anlFalse
200k,200000,4,10,2.4000000953674316,vbmco0mi,reacher-hard-v0_4_20260728-181207_Ours+curiosity_res_buf200k_ftlr0.0001_clip1.0_A10.0_On0.0_anlFalse
200k,200000,4,11,0,vbmco0mi,reacher-hard-v0_4_20260728-181207_Ours+curiosity_res_buf200k_ftlr0.0001_clip1.0_A10.0_On0.0_anlFalse
200k,200000,4,12,88.80000305175781,vbmco0mi,reacher-hard-v0_4_20260728-181207_Ours+curiosity_res_buf200k_ftlr0.0001_clip1.0_A10.0_On0.0_anlFalse
200k,200000,4,13,92,vbmco0mi,reacher-hard-v0_4_20260728-181207_Ours+curiosity_res_buf200k_ftlr0.0001_clip1.0_A10.0_On0.0_anlFalse
200k,200000,4,14,0.8999999761581421,vbmco0mi,reacher-hard-v0_4_20260728-181207_Ours+curiosity_res_buf200k_ftlr0.0001_clip1.0_A10.0_On0.0_anlFalse
200k,200000,4,15,168.5,vbmco0mi,reacher-hard-v0_4_20260728-181207_Ours+curiosity_res_buf200k_ftlr0.0001_clip1.0_A10.0_On0.0_anlFalse
200k,200000,4,16,82,vbmco0mi,reacher-hard-v0_4_20260728-181207_Ours+curiosity_res_buf200k_ftlr0.0001_clip1.0_A10.0_On0.0_anlFalse
200k,200000,4,17,1.2000000476837158,vbmco0mi,reacher-hard-v0_4_20260728-181207_Ours+curiosity_res_buf200k_ftlr0.0001_clip1.0_A10.0_On0.0_anlFalse
200k,200000,4,18,1.2000000476837158,vbmco0mi,reacher-hard-v0_4_20260728-181207_Ours+curiosity_res_buf200k_ftlr0.0001_clip1.0_A10.0_On0.0_anlFalse
200k,200000,4,19,83.80000305175781,vbmco0mi,reacher-hard-v0_4_20260728-181207_Ours+curiosity_res_buf200k_ftlr0.0001_clip1.0_A10.0_On0.0_anlFalse
200k,200000,4,20,1.100000023841858,vbmco0mi,reacher-hard-v0_4_20260728-181207_Ours+curiosity_res_buf200k_ftlr0.0001_clip1.0_A10.0_On0.0_anlFalse
200k,200000,4,21,0.10000000149011612,vbmco0mi,reacher-hard-v0_4_20260728-181207_Ours+curiosity_res_buf200k_ftlr0.0001_clip1.0_A10.0_On0.0_anlFalse
200k,200000,4,22,0.699999988079071,vbmco0mi,reacher-hard-v0_4_20260728-181207_Ours+curiosity_res_buf200k_ftlr0.0001_clip1.0_A10.0_On0.0_anlFalse
200k,200000,4,23,74.69999694824219,vbmco0mi,reacher-hard-v0_4_20260728-181207_Ours+curiosity_res_buf200k_ftlr0.0001_clip1.0_A10.0_On0.0_anlFalse
200k,200000,4,24,0.6000000238418579,vbmco0mi,reacher-hard-v0_4_20260728-181207_Ours+curiosity_res_buf200k_ftlr0.0001_clip1.0_A10.0_On0.0_anlFalse
200k,200000,4,25,86.5,vbmco0mi,reacher-hard-v0_4_20260728-181207_Ours+curiosity_res_buf200k_ftlr0.0001_clip1.0_A10.0_On0.0_anlFalse
200k,200000,4,26,1.2000000476837158,vbmco0mi,reacher-hard-v0_4_20260728-181207_Ours+curiosity_res_buf200k_ftlr0.0001_clip1.0_A10.0_On0.0_anlFalse
200k,200000,4,27,183.3000030517578,vbmco0mi,reacher-hard-v0_4_20260728-181207_Ours+curiosity_res_buf200k_ftlr0.0001_clip1.0_A10.0_On0.0_anlFalse
200k,200000,4,28,0,vbmco0mi,reacher-hard-v0_4_20260728-181207_Ours+curiosity_res_buf200k_ftlr0.0001_clip1.0_A10.0_On0.0_anlFalse
200k,200000,4,29,0,vbmco0mi,reacher-hard-v0_4_20260728-181207_Ours+curiosity_res_buf200k_ftlr0.0001_clip1.0_A10.0_On0.0_anlFalse
200k,200000,4,30,88.30000305175781,vbmco0mi,reacher-hard-v0_4_20260728-181207_Ours+curiosity_res_buf200k_ftlr0.0001_clip1.0_A10.0_On0.0_anlFalse
200k,200000,4,31,51.79999923706055,vbmco0mi,reacher-hard-v0_4_20260728-181207_Ours+curiosity_res_buf200k_ftlr0.0001_clip1.0_A10.0_On0.0_anlFalse
200k,200000,4,32,289,vbmco0mi,reacher-hard-v0_4_20260728-181207_Ours+curiosity_res_buf200k_ftlr0.0001_clip1.0_A10.0_On0.0_anlFalse
200k,200000,4,33,283.1000061035156,vbmco0mi,reacher-hard-v0_4_20260728-181207_Ours+curiosity_res_buf200k_ftlr0.0001_clip1.0_A10.0_On0.0_anlFalse
200k,200000,4,34,1.100000023841858,vbmco0mi,reacher-hard-v0_4_20260728-181207_Ours+curiosity_res_buf200k_ftlr0.0001_clip1.0_A10.0_On0.0_anlFalse
200k,200000,4,35,83.30000305175781,vbmco0mi,reacher-hard-v0_4_20260728-181207_Ours+curiosity_res_buf200k_ftlr0.0001_clip1.0_A10.0_On0.0_anlFalse
200k,200000,4,36,187,vbmco0mi,reacher-hard-v0_4_20260728-181207_Ours+curiosity_res_buf200k_ftlr0.0001_clip1.0_A10.0_On0.0_anlFalse
200k,200000,4,37,182.6999969482422,vbmco0mi,reacher-hard-v0_4_20260728-181207_Ours+curiosity_res_buf200k_ftlr0.0001_clip1.0_A10.0_On0.0_anlFalse
200k,200000,4,38,0.699999988079071,vbmco0mi,reacher-hard-v0_4_20260728-181207_Ours+curiosity_res_buf200k_ftlr0.0001_clip1.0_A10.0_On0.0_anlFalse
200k,200000,4,39,257.5,vbmco0mi,reacher-hard-v0_4_20260728-181207_Ours+curiosity_res_buf200k_ftlr0.0001_clip1.0_A10.0_On0.0_anlFalse
200k,200000,4,40,0.20000000298023224,vbmco0mi,reacher-hard-v0_4_20260728-181207_Ours+curiosity_res_buf200k_ftlr0.0001_clip1.0_A10.0_On0.0_anlFalse
200k,200000,4,41,281.20001220703125,vbmco0mi,reacher-hard-v0_4_20260728-181207_Ours+curiosity_res_buf200k_ftlr0.0001_clip1.0_A10.0_On0.0_anlFalse
200k,200000,4,42,273.3999938964844,vbmco0mi,reacher-hard-v0_4_20260728-181207_Ours+curiosity_res_buf200k_ftlr0.0001_clip1.0_A10.0_On0.0_anlFalse
200k,200000,4,43,95.80000305175781,vbmco0mi,reacher-hard-v0_4_20260728-181207_Ours+curiosity_res_buf200k_ftlr0.0001_clip1.0_A10.0_On0.0_anlFalse
200k,200000,4,44,79.80000305175781,vbmco0mi,reacher-hard-v0_4_20260728-181207_Ours+curiosity_res_buf200k_ftlr0.0001_clip1.0_A10.0_On0.0_anlFalse
200k,200000,4,45,358,vbmco0mi,reacher-hard-v0_4_20260728-181207_Ours+curiosity_res_buf200k_ftlr0.0001_clip1.0_A10.0_On0.0_anlFalse
200k,200000,4,46,152.1999969482422,vbmco0mi,reacher-hard-v0_4_20260728-181207_Ours+curiosity_res_buf200k_ftlr0.0001_clip1.0_A10.0_On0.0_anlFalse
200k,200000,4,47,276.79998779296875,vbmco0mi,reacher-hard-v0_4_20260728-181207_Ours+curiosity_res_buf200k_ftlr0.0001_clip1.0_A10.0_On0.0_anlFalse
200k,200000,4,48,0,vbmco0mi,reacher-hard-v0_4_20260728-181207_Ours+curiosity_res_buf200k_ftlr0.0001_clip1.0_A10.0_On0.0_anlFalse
200k,200000,4,49,247,vbmco0mi,reacher-hard-v0_4_20260728-181207_Ours+curiosity_res_buf200k_ftlr0.0001_clip1.0_A10.0_On0.0_anlFalse
200k,200000,4,50,158.6999969482422,vbmco0mi,reacher-hard-v0_4_20260728-181207_Ours+curiosity_res_buf200k_ftlr0.0001_clip1.0_A10.0_On0.0_anlFalse
200k,200000,4,51,560.5,vbmco0mi,reacher-hard-v0_4_20260728-181207_Ours+curiosity_res_buf200k_ftlr0.0001_clip1.0_A10.0_On0.0_anlFalse
200k,200000,4,52,276.8999938964844,vbmco0mi,reacher-hard-v0_4_20260728-181207_Ours+curiosity_res_buf200k_ftlr0.0001_clip1.0_A10.0_On0.0_anlFalse
200k,200000,4,53,177.10000610351562,vbmco0mi,reacher-hard-v0_4_20260728-181207_Ours+curiosity_res_buf200k_ftlr0.0001_clip1.0_A10.0_On0.0_anlFalse
200k,200000,4,54,0.5,vbmco0mi,reacher-hard-v0_4_20260728-181207_Ours+curiosity_res_buf200k_ftlr0.0001_clip1.0_A10.0_On0.0_anlFalse
200k,200000,4,55,377.8999938964844,vbmco0mi,reacher-hard-v0_4_20260728-181207_Ours+curiosity_res_buf200k_ftlr0.0001_clip1.0_A10.0_On0.0_anlFalse
200k,200000,4,56,371.20001220703125,vbmco0mi,reacher-hard-v0_4_20260728-181207_Ours+curiosity_res_buf200k_ftlr0.0001_clip1.0_A10.0_On0.0_anlFalse
200k,200000,4,57,349,vbmco0mi,reacher-hard-v0_4_20260728-181207_Ours+curiosity_res_buf200k_ftlr0.0001_clip1.0_A10.0_On0.0_anlFalse
200k,200000,4,58,264.5,vbmco0mi,reacher-hard-v0_4_20260728-181207_Ours+curiosity_res_buf200k_ftlr0.0001_clip1.0_A10.0_On0.0_anlFalse
200k,200000,4,59,2.5,vbmco0mi,reacher-hard-v0_4_20260728-181207_Ours+curiosity_res_buf200k_ftlr0.0001_clip1.0_A10.0_On0.0_anlFalse
200k,200000,4,60,90.5999984741211,vbmco0mi,reacher-hard-v0_4_20260728-181207_Ours+curiosity_res_buf200k_ftlr0.0001_clip1.0_A10.0_On0.0_anlFalse
200k,200000,4,61,380.6000061035156,vbmco0mi,reacher-hard-v0_4_20260728-181207_Ours+curiosity_res_buf200k_ftlr0.0001_clip1.0_A10.0_On0.0_anlFalse
200k,200000,4,62,439.29998779296875,vbmco0mi,reacher-hard-v0_4_20260728-181207_Ours+curiosity_res_buf200k_ftlr0.0001_clip1.0_A10.0_On0.0_anlFalse
200k,200000,4,63,372,vbmco0mi,reacher-hard-v0_4_20260728-181207_Ours+curiosity_res_buf200k_ftlr0.0001_clip1.0_A10.0_On0.0_anlFalse
200k,200000,4,64,177.39999389648438,vbmco0mi,reacher-hard-v0_4_20260728-181207_Ours+curiosity_res_buf200k_ftlr0.0001_clip1.0_A10.0_On0.0_anlFalse
200k,200000,4,65,364.3999938964844,vbmco0mi,reacher-hard-v0_4_20260728-181207_Ours+curiosity_res_buf200k_ftlr0.0001_clip1.0_A10.0_On0.0_anlFalse
200k,200000,4,66,185,vbmco0mi,reacher-hard-v0_4_20260728-181207_Ours+curiosity_res_buf200k_ftlr0.0001_clip1.0_A10.0_On0.0_anlFalse
200k,200000,4,67,194,vbmco0mi,reacher-hard-v0_4_20260728-181207_Ours+curiosity_res_buf200k_ftlr0.0001_clip1.0_A10.0_On0.0_anlFalse
200k,200000,4,68,555.4000244140625,vbmco0mi,reacher-hard-v0_4_20260728-181207_Ours+curiosity_res_buf200k_ftlr0.0001_clip1.0_A10.0_On0.0_anlFalse
200k,200000,4,69,192,vbmco0mi,reacher-hard-v0_4_20260728-181207_Ours+curiosity_res_buf200k_ftlr0.0001_clip1.0_A10.0_On0.0_anlFalse
200k,200000,4,70,273.5,vbmco0mi,reacher-hard-v0_4_20260728-181207_Ours+curiosity_res_buf200k_ftlr0.0001_clip1.0_A10.0_On0.0_anlFalse
200k,200000,4,71,271.3999938964844,vbmco0mi,reacher-hard-v0_4_20260728-181207_Ours+curiosity_res_buf200k_ftlr0.0001_clip1.0_A10.0_On0.0_anlFalse
200k,200000,4,72,239.89999389648438,vbmco0mi,reacher-hard-v0_4_20260728-181207_Ours+curiosity_res_buf200k_ftlr0.0001_clip1.0_A10.0_On0.0_anlFalse
200k,200000,4,73,99.0999984741211,vbmco0mi,reacher-hard-v0_4_20260728-181207_Ours+curiosity_res_buf200k_ftlr0.0001_clip1.0_A10.0_On0.0_anlFalse
200k,200000,4,74,468.3999938964844,vbmco0mi,reacher-hard-v0_4_20260728-181207_Ours+curiosity_res_buf200k_ftlr0.0001_clip1.0_A10.0_On0.0_anlFalse
200k,200000,4,75,605.5999755859375,vbmco0mi,reacher-hard-v0_4_20260728-181207_Ours+curiosity_res_buf200k_ftlr0.0001_clip1.0_A10.0_On0.0_anlFalse
200k,200000,4,76,285.79998779296875,vbmco0mi,reacher-hard-v0_4_20260728-181207_Ours+curiosity_res_buf200k_ftlr0.0001_clip1.0_A10.0_On0.0_anlFalse
200k,200000,4,77,276.20001220703125,vbmco0mi,reacher-hard-v0_4_20260728-181207_Ours+curiosity_res_buf200k_ftlr0.0001_clip1.0_A10.0_On0.0_anlFalse
200k,200000,4,78,407.5,vbmco0mi,reacher-hard-v0_4_20260728-181207_Ours+curiosity_res_buf200k_ftlr0.0001_clip1.0_A10.0_On0.0_anlFalse
200k,200000,4,79,543.2000122070312,vbmco0mi,reacher-hard-v0_4_20260728-181207_Ours+curiosity_res_buf200k_ftlr0.0001_clip1.0_A10.0_On0.0_anlFalse
200k,200000,4,80,375.20001220703125,vbmco0mi,reacher-hard-v0_4_20260728-181207_Ours+curiosity_res_buf200k_ftlr0.0001_clip1.0_A10.0_On0.0_anlFalse
200k,200000,4,81,554.0999755859375,vbmco0mi,reacher-hard-v0_4_20260728-181207_Ours+curiosity_res_buf200k_ftlr0.0001_clip1.0_A10.0_On0.0_anlFalse
200k,200000,4,82,282.8999938964844,vbmco0mi,reacher-hard-v0_4_20260728-181207_Ours+curiosity_res_buf200k_ftlr0.0001_clip1.0_A10.0_On0.0_anlFalse
200k,200000,4,83,567.2000122070312,vbmco0mi,reacher-hard-v0_4_20260728-181207_Ours+curiosity_res_buf200k_ftlr0.0001_clip1.0_A10.0_On0.0_anlFalse
200k,200000,4,84,183.1999969482422,vbmco0mi,reacher-hard-v0_4_20260728-181207_Ours+curiosity_res_buf200k_ftlr0.0001_clip1.0_A10.0_On0.0_anlFalse
200k,200000,4,85,380.8999938964844,vbmco0mi,reacher-hard-v0_4_20260728-181207_Ours+curiosity_res_buf200k_ftlr0.0001_clip1.0_A10.0_On0.0_anlFalse
200k,200000,4,86,280.6000061035156,vbmco0mi,reacher-hard-v0_4_20260728-181207_Ours+curiosity_res_buf200k_ftlr0.0001_clip1.0_A10.0_On0.0_anlFalse
200k,200000,4,87,378.1000061035156,vbmco0mi,reacher-hard-v0_4_20260728-181207_Ours+curiosity_res_buf200k_ftlr0.0001_clip1.0_A10.0_On0.0_anlFalse
200k,200000,4,88,529.9000244140625,vbmco0mi,reacher-hard-v0_4_20260728-181207_Ours+curiosity_res_buf200k_ftlr0.0001_clip1.0_A10.0_On0.0_anlFalse
200k,200000,4,89,186.60000610351562,vbmco0mi,reacher-hard-v0_4_20260728-181207_Ours+curiosity_res_buf200k_ftlr0.0001_clip1.0_A10.0_On0.0_anlFalse
200k,200000,4,90,179.10000610351562,vbmco0mi,reacher-hard-v0_4_20260728-181207_Ours+curiosity_res_buf200k_ftlr0.0001_clip1.0_A10.0_On0.0_anlFalse
200k,200000,4,91,447.20001220703125,vbmco0mi,reacher-hard-v0_4_20260728-181207_Ours+curiosity_res_buf200k_ftlr0.0001_clip1.0_A10.0_On0.0_anlFalse
200k,200000,4,92,468,vbmco0mi,reacher-hard-v0_4_20260728-181207_Ours+curiosity_res_buf200k_ftlr0.0001_clip1.0_A10.0_On0.0_anlFalse
200k,200000,4,93,169.3000030517578,vbmco0mi,reacher-hard-v0_4_20260728-181207_Ours+curiosity_res_buf200k_ftlr0.0001_clip1.0_A10.0_On0.0_anlFalse
200k,200000,4,94,369.8999938964844,vbmco0mi,reacher-hard-v0_4_20260728-181207_Ours+curiosity_res_buf200k_ftlr0.0001_clip1.0_A10.0_On0.0_anlFalse
200k,200000,4,95,447,vbmco0mi,reacher-hard-v0_4_20260728-181207_Ours+curiosity_res_buf200k_ftlr0.0001_clip1.0_A10.0_On0.0_anlFalse
200k,200000,4,96,94.19999694824219,vbmco0mi,reacher-hard-v0_4_20260728-181207_Ours+curiosity_res_buf200k_ftlr0.0001_clip1.0_A10.0_On0.0_anlFalse
200k,200000,4,97,197.10000610351562,vbmco0mi,reacher-hard-v0_4_20260728-181207_Ours+curiosity_res_buf200k_ftlr0.0001_clip1.0_A10.0_On0.0_anlFalse
200k,200000,4,98,379.70001220703125,vbmco0mi,reacher-hard-v0_4_20260728-181207_Ours+curiosity_res_buf200k_ftlr0.0001_clip1.0_A10.0_On0.0_anlFalse
200k,200000,4,99,380,vbmco0mi,reacher-hard-v0_4_20260728-181207_Ours+curiosity_res_buf200k_ftlr0.0001_clip1.0_A10.0_On0.0_anlFalse
1M,1000000,4,0,26.100000381469727,2436axwa,reacher-hard-v0_4_20260212-100513_Ours+curiosity_ftlr0.0001_clip1.0_A10.0_On0.0_anlFalse
1M,1000000,4,1,0,2436axwa,reacher-hard-v0_4_20260212-100513_Ours+curiosity_ftlr0.0001_clip1.0_A10.0_On0.0_anlFalse
1M,1000000,4,2,8.100000381469727,2436axwa,reacher-hard-v0_4_20260212-100513_Ours+curiosity_ftlr0.0001_clip1.0_A10.0_On0.0_anlFalse
1M,1000000,4,3,23.399999618530273,2436axwa,reacher-hard-v0_4_20260212-100513_Ours+curiosity_ftlr0.0001_clip1.0_A10.0_On0.0_anlFalse
1M,1000000,4,4,0,2436axwa,reacher-hard-v0_4_20260212-100513_Ours+curiosity_ftlr0.0001_clip1.0_A10.0_On0.0_anlFalse
1M,1000000,4,5,1.399999976158142,2436axwa,reacher-hard-v0_4_20260212-100513_Ours+curiosity_ftlr0.0001_clip1.0_A10.0_On0.0_anlFalse
1M,1000000,4,6,0,2436axwa,reacher-hard-v0_4_20260212-100513_Ours+curiosity_ftlr0.0001_clip1.0_A10.0_On0.0_anlFalse
1M,1000000,4,7,0,2436axwa,reacher-hard-v0_4_20260212-100513_Ours+curiosity_ftlr0.0001_clip1.0_A10.0_On0.0_anlFalse
1M,1000000,4,8,6,2436axwa,reacher-hard-v0_4_20260212-100513_Ours+curiosity_ftlr0.0001_clip1.0_A10.0_On0.0_anlFalse
1M,1000000,4,9,1.2999999523162842,2436axwa,reacher-hard-v0_4_20260212-100513_Ours+curiosity_ftlr0.0001_clip1.0_A10.0_On0.0_anlFalse
1M,1000000,4,10,0.4000000059604645,2436axwa,reacher-hard-v0_4_20260212-100513_Ours+curiosity_ftlr0.0001_clip1.0_A10.0_On0.0_anlFalse
1M,1000000,4,11,88.5,2436axwa,reacher-hard-v0_4_20260212-100513_Ours+curiosity_ftlr0.0001_clip1.0_A10.0_On0.0_anlFalse
1M,1000000,4,12,2.4000000953674316,2436axwa,reacher-hard-v0_4_20260212-100513_Ours+curiosity_ftlr0.0001_clip1.0_A10.0_On0.0_anlFalse
1M,1000000,4,13,9.300000190734863,2436axwa,reacher-hard-v0_4_20260212-100513_Ours+curiosity_ftlr0.0001_clip1.0_A10.0_On0.0_anlFalse
1M,1000000,4,14,0,2436axwa,reacher-hard-v0_4_20260212-100513_Ours+curiosity_ftlr0.0001_clip1.0_A10.0_On0.0_anlFalse
1M,1000000,4,15,3.200000047683716,2436axwa,reacher-hard-v0_4_20260212-100513_Ours+curiosity_ftlr0.0001_clip1.0_A10.0_On0.0_anlFalse
1M,1000000,4,16,0.4000000059604645,2436axwa,reacher-hard-v0_4_20260212-100513_Ours+curiosity_ftlr0.0001_clip1.0_A10.0_On0.0_anlFalse
1M,1000000,4,17,1,2436axwa,reacher-hard-v0_4_20260212-100513_Ours+curiosity_ftlr0.0001_clip1.0_A10.0_On0.0_anlFalse
1M,1000000,4,18,0.5,2436axwa,reacher-hard-v0_4_20260212-100513_Ours+curiosity_ftlr0.0001_clip1.0_A10.0_On0.0_anlFalse
1M,1000000,4,19,169.89999389648438,2436axwa,reacher-hard-v0_4_20260212-100513_Ours+curiosity_ftlr0.0001_clip1.0_A10.0_On0.0_anlFalse
1M,1000000,4,20,96.19999694824219,2436axwa,reacher-hard-v0_4_20260212-100513_Ours+curiosity_ftlr0.0001_clip1.0_A10.0_On0.0_anlFalse
1M,1000000,4,21,0.5,2436axwa,reacher-hard-v0_4_20260212-100513_Ours+curiosity_ftlr0.0001_clip1.0_A10.0_On0.0_anlFalse
1M,1000000,4,22,2.5,2436axwa,reacher-hard-v0_4_20260212-100513_Ours+curiosity_ftlr0.0001_clip1.0_A10.0_On0.0_anlFalse
1M,1000000,4,23,1.399999976158142,2436axwa,reacher-hard-v0_4_20260212-100513_Ours+curiosity_ftlr0.0001_clip1.0_A10.0_On0.0_anlFalse
1M,1000000,4,24,183.8000030517578,2436axwa,reacher-hard-v0_4_20260212-100513_Ours+curiosity_ftlr0.0001_clip1.0_A10.0_On0.0_anlFalse
1M,1000000,4,25,1.399999976158142,2436axwa,reacher-hard-v0_4_20260212-100513_Ours+curiosity_ftlr0.0001_clip1.0_A10.0_On0.0_anlFalse
1M,1000000,4,26,349.20001220703125,2436axwa,reacher-hard-v0_4_20260212-100513_Ours+curiosity_ftlr0.0001_clip1.0_A10.0_On0.0_anlFalse
1M,1000000,4,27,109.69999694824219,2436axwa,reacher-hard-v0_4_20260212-100513_Ours+curiosity_ftlr0.0001_clip1.0_A10.0_On0.0_anlFalse
1M,1000000,4,28,0.800000011920929,2436axwa,reacher-hard-v0_4_20260212-100513_Ours+curiosity_ftlr0.0001_clip1.0_A10.0_On0.0_anlFalse
1M,1000000,4,29,171.1999969482422,2436axwa,reacher-hard-v0_4_20260212-100513_Ours+curiosity_ftlr0.0001_clip1.0_A10.0_On0.0_anlFalse
1M,1000000,4,30,95,2436axwa,reacher-hard-v0_4_20260212-100513_Ours+curiosity_ftlr0.0001_clip1.0_A10.0_On0.0_anlFalse
1M,1000000,4,31,284.5,2436axwa,reacher-hard-v0_4_20260212-100513_Ours+curiosity_ftlr0.0001_clip1.0_A10.0_On0.0_anlFalse
1M,1000000,4,32,280.5,2436axwa,reacher-hard-v0_4_20260212-100513_Ours+curiosity_ftlr0.0001_clip1.0_A10.0_On0.0_anlFalse
1M,1000000,4,33,295.6000061035156,2436axwa,reacher-hard-v0_4_20260212-100513_Ours+curiosity_ftlr0.0001_clip1.0_A10.0_On0.0_anlFalse
1M,1000000,4,34,184.6999969482422,2436axwa,reacher-hard-v0_4_20260212-100513_Ours+curiosity_ftlr0.0001_clip1.0_A10.0_On0.0_anlFalse
1M,1000000,4,35,180.10000610351562,2436axwa,reacher-hard-v0_4_20260212-100513_Ours+curiosity_ftlr0.0001_clip1.0_A10.0_On0.0_anlFalse
1M,1000000,4,36,272,2436axwa,reacher-hard-v0_4_20260212-100513_Ours+curiosity_ftlr0.0001_clip1.0_A10.0_On0.0_anlFalse
1M,1000000,4,37,97.4000015258789,2436axwa,reacher-hard-v0_4_20260212-100513_Ours+curiosity_ftlr0.0001_clip1.0_A10.0_On0.0_anlFalse
1M,1000000,4,38,4.900000095367432,2436axwa,reacher-hard-v0_4_20260212-100513_Ours+curiosity_ftlr0.0001_clip1.0_A10.0_On0.0_anlFalse
1M,1000000,4,39,371.1000061035156,2436axwa,reacher-hard-v0_4_20260212-100513_Ours+curiosity_ftlr0.0001_clip1.0_A10.0_On0.0_anlFalse
1M,1000000,4,40,89.80000305175781,2436axwa,reacher-hard-v0_4_20260212-100513_Ours+curiosity_ftlr0.0001_clip1.0_A10.0_On0.0_anlFalse
1M,1000000,4,41,403.1000061035156,2436axwa,reacher-hard-v0_4_20260212-100513_Ours+curiosity_ftlr0.0001_clip1.0_A10.0_On0.0_anlFalse
1M,1000000,4,42,295.29998779296875,2436axwa,reacher-hard-v0_4_20260212-100513_Ours+curiosity_ftlr0.0001_clip1.0_A10.0_On0.0_anlFalse
1M,1000000,4,43,462,2436axwa,reacher-hard-v0_4_20260212-100513_Ours+curiosity_ftlr0.0001_clip1.0_A10.0_On0.0_anlFalse
1M,1000000,4,44,456.20001220703125,2436axwa,reacher-hard-v0_4_20260212-100513_Ours+curiosity_ftlr0.0001_clip1.0_A10.0_On0.0_anlFalse
1M,1000000,4,45,282.5,2436axwa,reacher-hard-v0_4_20260212-100513_Ours+curiosity_ftlr0.0001_clip1.0_A10.0_On0.0_anlFalse
1M,1000000,4,46,427.70001220703125,2436axwa,reacher-hard-v0_4_20260212-100513_Ours+curiosity_ftlr0.0001_clip1.0_A10.0_On0.0_anlFalse
1M,1000000,4,47,680.4000244140625,2436axwa,reacher-hard-v0_4_20260212-100513_Ours+curiosity_ftlr0.0001_clip1.0_A10.0_On0.0_anlFalse
1M,1000000,4,48,271.20001220703125,2436axwa,reacher-hard-v0_4_20260212-100513_Ours+curiosity_ftlr0.0001_clip1.0_A10.0_On0.0_anlFalse
1M,1000000,4,49,276.70001220703125,2436axwa,reacher-hard-v0_4_20260212-100513_Ours+curiosity_ftlr0.0001_clip1.0_A10.0_On0.0_anlFalse
1M,1000000,4,50,169.60000610351562,2436axwa,reacher-hard-v0_4_20260212-100513_Ours+curiosity_ftlr0.0001_clip1.0_A10.0_On0.0_anlFalse
1M,1000000,4,51,322.20001220703125,2436axwa,reacher-hard-v0_4_20260212-100513_Ours+curiosity_ftlr0.0001_clip1.0_A10.0_On0.0_anlFalse
1M,1000000,4,52,362.29998779296875,2436axwa,reacher-hard-v0_4_20260212-100513_Ours+curiosity_ftlr0.0001_clip1.0_A10.0_On0.0_anlFalse
1M,1000000,4,53,446.1000061035156,2436axwa,reacher-hard-v0_4_20260212-100513_Ours+curiosity_ftlr0.0001_clip1.0_A10.0_On0.0_anlFalse
1M,1000000,4,54,553.7999877929688,2436axwa,reacher-hard-v0_4_20260212-100513_Ours+curiosity_ftlr0.0001_clip1.0_A10.0_On0.0_anlFalse
1M,1000000,4,55,927.2000122070312,2436axwa,reacher-hard-v0_4_20260212-100513_Ours+curiosity_ftlr0.0001_clip1.0_A10.0_On0.0_anlFalse
1M,1000000,4,56,561,2436axwa,reacher-hard-v0_4_20260212-100513_Ours+curiosity_ftlr0.0001_clip1.0_A10.0_On0.0_anlFalse
1M,1000000,4,57,393.8999938964844,2436axwa,reacher-hard-v0_4_20260212-100513_Ours+curiosity_ftlr0.0001_clip1.0_A10.0_On0.0_anlFalse
1M,1000000,4,58,734.2000122070312,2436axwa,reacher-hard-v0_4_20260212-100513_Ours+curiosity_ftlr0.0001_clip1.0_A10.0_On0.0_anlFalse
1M,1000000,4,59,731.2000122070312,2436axwa,reacher-hard-v0_4_20260212-100513_Ours+curiosity_ftlr0.0001_clip1.0_A10.0_On0.0_anlFalse
1M,1000000,4,60,546.5999755859375,2436axwa,reacher-hard-v0_4_20260212-100513_Ours+curiosity_ftlr0.0001_clip1.0_A10.0_On0.0_anlFalse
1M,1000000,4,61,571.7999877929688,2436axwa,reacher-hard-v0_4_20260212-100513_Ours+curiosity_ftlr0.0001_clip1.0_A10.0_On0.0_anlFalse
1M,1000000,4,62,328.3999938964844,2436axwa,reacher-hard-v0_4_20260212-100513_Ours+curiosity_ftlr0.0001_clip1.0_A10.0_On0.0_anlFalse
1M,1000000,4,63,378.79998779296875,2436axwa,reacher-hard-v0_4_20260212-100513_Ours+curiosity_ftlr0.0001_clip1.0_A10.0_On0.0_anlFalse
1M,1000000,4,64,428.1000061035156,2436axwa,reacher-hard-v0_4_20260212-100513_Ours+curiosity_ftlr0.0001_clip1.0_A10.0_On0.0_anlFalse
1M,1000000,4,65,890.4000244140625,2436axwa,reacher-hard-v0_4_20260212-100513_Ours+curiosity_ftlr0.0001_clip1.0_A10.0_On0.0_anlFalse
1M,1000000,4,66,462.8999938964844,2436axwa,reacher-hard-v0_4_20260212-100513_Ours+curiosity_ftlr0.0001_clip1.0_A10.0_On0.0_anlFalse
1M,1000000,4,67,470.5,2436axwa,reacher-hard-v0_4_20260212-100513_Ours+curiosity_ftlr0.0001_clip1.0_A10.0_On0.0_anlFalse
1M,1000000,4,68,711.7999877929688,2436axwa,reacher-hard-v0_4_20260212-100513_Ours+curiosity_ftlr0.0001_clip1.0_A10.0_On0.0_anlFalse
1M,1000000,4,69,135.1999969482422,2436axwa,reacher-hard-v0_4_20260212-100513_Ours+curiosity_ftlr0.0001_clip1.0_A10.0_On0.0_anlFalse
1M,1000000,4,70,371.6000061035156,2436axwa,reacher-hard-v0_4_20260212-100513_Ours+curiosity_ftlr0.0001_clip1.0_A10.0_On0.0_anlFalse
1M,1000000,4,71,812.2000122070312,2436axwa,reacher-hard-v0_4_20260212-100513_Ours+curiosity_ftlr0.0001_clip1.0_A10.0_On0.0_anlFalse
1M,1000000,4,72,841.0999755859375,2436axwa,reacher-hard-v0_4_20260212-100513_Ours+curiosity_ftlr0.0001_clip1.0_A10.0_On0.0_anlFalse
1M,1000000,4,73,641.5999755859375,2436axwa,reacher-hard-v0_4_20260212-100513_Ours+curiosity_ftlr0.0001_clip1.0_A10.0_On0.0_anlFalse
1M,1000000,4,74,657.4000244140625,2436axwa,reacher-hard-v0_4_20260212-100513_Ours+curiosity_ftlr0.0001_clip1.0_A10.0_On0.0_anlFalse
1M,1000000,4,75,568.7000122070312,2436axwa,reacher-hard-v0_4_20260212-100513_Ours+curiosity_ftlr0.0001_clip1.0_A10.0_On0.0_anlFalse
1M,1000000,4,76,740.9000244140625,2436axwa,reacher-hard-v0_4_20260212-100513_Ours+curiosity_ftlr0.0001_clip1.0_A10.0_On0.0_anlFalse
1M,1000000,4,77,649.0999755859375,2436axwa,reacher-hard-v0_4_20260212-100513_Ours+curiosity_ftlr0.0001_clip1.0_A10.0_On0.0_anlFalse
1M,1000000,4,78,746.5,2436axwa,reacher-hard-v0_4_20260212-100513_Ours+curiosity_ftlr0.0001_clip1.0_A10.0_On0.0_anlFalse
1M,1000000,4,79,746.0999755859375,2436axwa,reacher-hard-v0_4_20260212-100513_Ours+curiosity_ftlr0.0001_clip1.0_A10.0_On0.0_anlFalse
1M,1000000,4,80,645.7999877929688,2436axwa,reacher-hard-v0_4_20260212-100513_Ours+curiosity_ftlr0.0001_clip1.0_A10.0_On0.0_anlFalse
1M,1000000,4,81,561.2000122070312,2436axwa,reacher-hard-v0_4_20260212-100513_Ours+curiosity_ftlr0.0001_clip1.0_A10.0_On0.0_anlFalse
1M,1000000,4,82,279.3999938964844,2436axwa,reacher-hard-v0_4_20260212-100513_Ours+curiosity_ftlr0.0001_clip1.0_A10.0_On0.0_anlFalse
1M,1000000,4,83,850.4000244140625,2436axwa,reacher-hard-v0_4_20260212-100513_Ours+curiosity_ftlr0.0001_clip1.0_A10.0_On0.0_anlFalse
1M,1000000,4,84,746.0999755859375,2436axwa,reacher-hard-v0_4_20260212-100513_Ours+curiosity_ftlr0.0001_clip1.0_A10.0_On0.0_anlFalse
1M,1000000,4,85,576.4000244140625,2436axwa,reacher-hard-v0_4_20260212-100513_Ours+curiosity_ftlr0.0001_clip1.0_A10.0_On0.0_anlFalse
1M,1000000,4,86,576.5999755859375,2436axwa,reacher-hard-v0_4_20260212-100513_Ours+curiosity_ftlr0.0001_clip1.0_A10.0_On0.0_anlFalse
1M,1000000,4,87,757.2999877929688,2436axwa,reacher-hard-v0_4_20260212-100513_Ours+curiosity_ftlr0.0001_clip1.0_A10.0_On0.0_anlFalse
1M,1000000,4,88,668.0999755859375,2436axwa,reacher-hard-v0_4_20260212-100513_Ours+curiosity_ftlr0.0001_clip1.0_A10.0_On0.0_anlFalse
1M,1000000,4,89,743,2436axwa,reacher-hard-v0_4_20260212-100513_Ours+curiosity_ftlr0.0001_clip1.0_A10.0_On0.0_anlFalse
1M,1000000,4,90,927.5,2436axwa,reacher-hard-v0_4_20260212-100513_Ours+curiosity_ftlr0.0001_clip1.0_A10.0_On0.0_anlFalse
1M,1000000,4,91,645,2436axwa,reacher-hard-v0_4_20260212-100513_Ours+curiosity_ftlr0.0001_clip1.0_A10.0_On0.0_anlFalse
1M,1000000,4,92,940.2999877929688,2436axwa,reacher-hard-v0_4_20260212-100513_Ours+curiosity_ftlr0.0001_clip1.0_A10.0_On0.0_anlFalse
1M,1000000,4,93,909.7000122070312,2436axwa,reacher-hard-v0_4_20260212-100513_Ours+curiosity_ftlr0.0001_clip1.0_A10.0_On0.0_anlFalse
1M,1000000,4,94,824,2436axwa,reacher-hard-v0_4_20260212-100513_Ours+curiosity_ftlr0.0001_clip1.0_A10.0_On0.0_anlFalse
1M,1000000,4,95,901.4000244140625,2436axwa,reacher-hard-v0_4_20260212-100513_Ours+curiosity_ftlr0.0001_clip1.0_A10.0_On0.0_anlFalse
1M,1000000,4,96,720.2000122070312,2436axwa,reacher-hard-v0_4_20260212-100513_Ours+curiosity_ftlr0.0001_clip1.0_A10.0_On0.0_anlFalse
1M,1000000,4,97,860,2436axwa,reacher-hard-v0_4_20260212-100513_Ours+curiosity_ftlr0.0001_clip1.0_A10.0_On0.0_anlFalse
1M,1000000,4,98,901.4000244140625,2436axwa,reacher-hard-v0_4_20260212-100513_Ours+curiosity_ftlr0.0001_clip1.0_A10.0_On0.0_anlFalse
1M,1000000,4,99,827.0999755859375,2436axwa,reacher-hard-v0_4_20260212-100513_Ours+curiosity_ftlr0.0001_clip1.0_A10.0_On0.0_anlFalse
1M,1000000,0,0,3.799999952316284,39u8w68a,reacher-hard-v0_0_20260212-100513_Ours+curiosity_ftlr0.0001_clip1.0_A10.0_On0.0_anlFalse
1M,1000000,0,1,3.799999952316284,39u8w68a,reacher-hard-v0_0_20260212-100513_Ours+curiosity_ftlr0.0001_clip1.0_A10.0_On0.0_anlFalse
1M,1000000,0,2,1.7999999523162842,39u8w68a,reacher-hard-v0_0_20260212-100513_Ours+curiosity_ftlr0.0001_clip1.0_A10.0_On0.0_anlFalse
1M,1000000,0,3,11.199999809265137,39u8w68a,reacher-hard-v0_0_20260212-100513_Ours+curiosity_ftlr0.0001_clip1.0_A10.0_On0.0_anlFalse
1M,1000000,0,4,25.799999237060547,39u8w68a,reacher-hard-v0_0_20260212-100513_Ours+curiosity_ftlr0.0001_clip1.0_A10.0_On0.0_anlFalse
1M,1000000,0,5,3.799999952316284,39u8w68a,reacher-hard-v0_0_20260212-100513_Ours+curiosity_ftlr0.0001_clip1.0_A10.0_On0.0_anlFalse
1M,1000000,0,6,19.799999237060547,39u8w68a,reacher-hard-v0_0_20260212-100513_Ours+curiosity_ftlr0.0001_clip1.0_A10.0_On0.0_anlFalse
1M,1000000,0,7,0,39u8w68a,reacher-hard-v0_0_20260212-100513_Ours+curiosity_ftlr0.0001_clip1.0_A10.0_On0.0_anlFalse
1M,1000000,0,8,92.19999694824219,39u8w68a,reacher-hard-v0_0_20260212-100513_Ours+curiosity_ftlr0.0001_clip1.0_A10.0_On0.0_anlFalse
1M,1000000,0,9,199.39999389648438,39u8w68a,reacher-hard-v0_0_20260212-100513_Ours+curiosity_ftlr0.0001_clip1.0_A10.0_On0.0_anlFalse
1M,1000000,0,10,87.9000015258789,39u8w68a,reacher-hard-v0_0_20260212-100513_Ours+curiosity_ftlr0.0001_clip1.0_A10.0_On0.0_anlFalse
1M,1000000,0,11,1.5,39u8w68a,reacher-hard-v0_0_20260212-100513_Ours+curiosity_ftlr0.0001_clip1.0_A10.0_On0.0_anlFalse
1M,1000000,0,12,188.5,39u8w68a,reacher-hard-v0_0_20260212-100513_Ours+curiosity_ftlr0.0001_clip1.0_A10.0_On0.0_anlFalse
1M,1000000,0,13,103.5,39u8w68a,reacher-hard-v0_0_20260212-100513_Ours+curiosity_ftlr0.0001_clip1.0_A10.0_On0.0_anlFalse
1M,1000000,0,14,0,39u8w68a,reacher-hard-v0_0_20260212-100513_Ours+curiosity_ftlr0.0001_clip1.0_A10.0_On0.0_anlFalse
1M,1000000,0,15,194.10000610351562,39u8w68a,reacher-hard-v0_0_20260212-100513_Ours+curiosity_ftlr0.0001_clip1.0_A10.0_On0.0_anlFalse
1M,1000000,0,16,97.30000305175781,39u8w68a,reacher-hard-v0_0_20260212-100513_Ours+curiosity_ftlr0.0001_clip1.0_A10.0_On0.0_anlFalse
1M,1000000,0,17,197.39999389648438,39u8w68a,reacher-hard-v0_0_20260212-100513_Ours+curiosity_ftlr0.0001_clip1.0_A10.0_On0.0_anlFalse
1M,1000000,0,18,293.70001220703125,39u8w68a,reacher-hard-v0_0_20260212-100513_Ours+curiosity_ftlr0.0001_clip1.0_A10.0_On0.0_anlFalse
1M,1000000,0,19,585,39u8w68a,reacher-hard-v0_0_20260212-100513_Ours+curiosity_ftlr0.0001_clip1.0_A10.0_On0.0_anlFalse
1M,1000000,0,20,2.5999999046325684,39u8w68a,reacher-hard-v0_0_20260212-100513_Ours+curiosity_ftlr0.0001_clip1.0_A10.0_On0.0_anlFalse
1M,1000000,0,21,45.70000076293945,39u8w68a,reacher-hard-v0_0_20260212-100513_Ours+curiosity_ftlr0.0001_clip1.0_A10.0_On0.0_anlFalse
1M,1000000,0,22,0.10000000149011612,39u8w68a,reacher-hard-v0_0_20260212-100513_Ours+curiosity_ftlr0.0001_clip1.0_A10.0_On0.0_anlFalse
1M,1000000,0,23,188.6999969482422,39u8w68a,reacher-hard-v0_0_20260212-100513_Ours+curiosity_ftlr0.0001_clip1.0_A10.0_On0.0_anlFalse
1M,1000000,0,24,6,39u8w68a,reacher-hard-v0_0_20260212-100513_Ours+curiosity_ftlr0.0001_clip1.0_A10.0_On0.0_anlFalse
1M,1000000,0,25,0.4000000059604645,39u8w68a,reacher-hard-v0_0_20260212-100513_Ours+curiosity_ftlr0.0001_clip1.0_A10.0_On0.0_anlFalse
1M,1000000,0,26,94.4000015258789,39u8w68a,reacher-hard-v0_0_20260212-100513_Ours+curiosity_ftlr0.0001_clip1.0_A10.0_On0.0_anlFalse
1M,1000000,0,27,127.5,39u8w68a,reacher-hard-v0_0_20260212-100513_Ours+curiosity_ftlr0.0001_clip1.0_A10.0_On0.0_anlFalse
1M,1000000,0,28,337.29998779296875,39u8w68a,reacher-hard-v0_0_20260212-100513_Ours+curiosity_ftlr0.0001_clip1.0_A10.0_On0.0_anlFalse
1M,1000000,0,29,150.89999389648438,39u8w68a,reacher-hard-v0_0_20260212-100513_Ours+curiosity_ftlr0.0001_clip1.0_A10.0_On0.0_anlFalse
1M,1000000,0,30,189.60000610351562,39u8w68a,reacher-hard-v0_0_20260212-100513_Ours+curiosity_ftlr0.0001_clip1.0_A10.0_On0.0_anlFalse
1M,1000000,0,31,268.3999938964844,39u8w68a,reacher-hard-v0_0_20260212-100513_Ours+curiosity_ftlr0.0001_clip1.0_A10.0_On0.0_anlFalse
1M,1000000,0,32,195.5,39u8w68a,reacher-hard-v0_0_20260212-100513_Ours+curiosity_ftlr0.0001_clip1.0_A10.0_On0.0_anlFalse
1M,1000000,0,33,0.800000011920929,39u8w68a,reacher-hard-v0_0_20260212-100513_Ours+curiosity_ftlr0.0001_clip1.0_A10.0_On0.0_anlFalse
1M,1000000,0,34,296.1000061035156,39u8w68a,reacher-hard-v0_0_20260212-100513_Ours+curiosity_ftlr0.0001_clip1.0_A10.0_On0.0_anlFalse
1M,1000000,0,35,574,39u8w68a,reacher-hard-v0_0_20260212-100513_Ours+curiosity_ftlr0.0001_clip1.0_A10.0_On0.0_anlFalse
1M,1000000,0,36,582,39u8w68a,reacher-hard-v0_0_20260212-100513_Ours+curiosity_ftlr0.0001_clip1.0_A10.0_On0.0_anlFalse
1M,1000000,0,37,385,39u8w68a,reacher-hard-v0_0_20260212-100513_Ours+curiosity_ftlr0.0001_clip1.0_A10.0_On0.0_anlFalse
1M,1000000,0,38,671.4000244140625,39u8w68a,reacher-hard-v0_0_20260212-100513_Ours+curiosity_ftlr0.0001_clip1.0_A10.0_On0.0_anlFalse
1M,1000000,0,39,479.5,39u8w68a,reacher-hard-v0_0_20260212-100513_Ours+curiosity_ftlr0.0001_clip1.0_A10.0_On0.0_anlFalse
1M,1000000,0,40,742.2000122070312,39u8w68a,reacher-hard-v0_0_20260212-100513_Ours+curiosity_ftlr0.0001_clip1.0_A10.0_On0.0_anlFalse
1M,1000000,0,41,455.1000061035156,39u8w68a,reacher-hard-v0_0_20260212-100513_Ours+curiosity_ftlr0.0001_clip1.0_A10.0_On0.0_anlFalse
1M,1000000,0,42,311,39u8w68a,reacher-hard-v0_0_20260212-100513_Ours+curiosity_ftlr0.0001_clip1.0_A10.0_On0.0_anlFalse
1M,1000000,0,43,755.9000244140625,39u8w68a,reacher-hard-v0_0_20260212-100513_Ours+curiosity_ftlr0.0001_clip1.0_A10.0_On0.0_anlFalse
1M,1000000,0,44,477.1000061035156,39u8w68a,reacher-hard-v0_0_20260212-100513_Ours+curiosity_ftlr0.0001_clip1.0_A10.0_On0.0_anlFalse
1M,1000000,0,45,697.7000122070312,39u8w68a,reacher-hard-v0_0_20260212-100513_Ours+curiosity_ftlr0.0001_clip1.0_A10.0_On0.0_anlFalse
1M,1000000,0,46,567.2000122070312,39u8w68a,reacher-hard-v0_0_20260212-100513_Ours+curiosity_ftlr0.0001_clip1.0_A10.0_On0.0_anlFalse
1M,1000000,0,47,521.7999877929688,39u8w68a,reacher-hard-v0_0_20260212-100513_Ours+curiosity_ftlr0.0001_clip1.0_A10.0_On0.0_anlFalse
1M,1000000,0,48,289.70001220703125,39u8w68a,reacher-hard-v0_0_20260212-100513_Ours+curiosity_ftlr0.0001_clip1.0_A10.0_On0.0_anlFalse
1M,1000000,0,49,657.2999877929688,39u8w68a,reacher-hard-v0_0_20260212-100513_Ours+curiosity_ftlr0.0001_clip1.0_A10.0_On0.0_anlFalse
1M,1000000,0,50,962.9000244140625,39u8w68a,reacher-hard-v0_0_20260212-100513_Ours+curiosity_ftlr0.0001_clip1.0_A10.0_On0.0_anlFalse
1M,1000000,0,51,504.70001220703125,39u8w68a,reacher-hard-v0_0_20260212-100513_Ours+curiosity_ftlr0.0001_clip1.0_A10.0_On0.0_anlFalse
1M,1000000,0,52,681.2999877929688,39u8w68a,reacher-hard-v0_0_20260212-100513_Ours+curiosity_ftlr0.0001_clip1.0_A10.0_On0.0_anlFalse
1M,1000000,0,53,475,39u8w68a,reacher-hard-v0_0_20260212-100513_Ours+curiosity_ftlr0.0001_clip1.0_A10.0_On0.0_anlFalse
1M,1000000,0,54,670.2000122070312,39u8w68a,reacher-hard-v0_0_20260212-100513_Ours+curiosity_ftlr0.0001_clip1.0_A10.0_On0.0_anlFalse
1M,1000000,0,55,642.9000244140625,39u8w68a,reacher-hard-v0_0_20260212-100513_Ours+curiosity_ftlr0.0001_clip1.0_A10.0_On0.0_anlFalse
1M,1000000,0,56,547.2999877929688,39u8w68a,reacher-hard-v0_0_20260212-100513_Ours+curiosity_ftlr0.0001_clip1.0_A10.0_On0.0_anlFalse
1M,1000000,0,57,763.9000244140625,39u8w68a,reacher-hard-v0_0_20260212-100513_Ours+curiosity_ftlr0.0001_clip1.0_A10.0_On0.0_anlFalse
1M,1000000,0,58,764.2000122070312,39u8w68a,reacher-hard-v0_0_20260212-100513_Ours+curiosity_ftlr0.0001_clip1.0_A10.0_On0.0_anlFalse
1M,1000000,0,59,770.5,39u8w68a,reacher-hard-v0_0_20260212-100513_Ours+curiosity_ftlr0.0001_clip1.0_A10.0_On0.0_anlFalse
1M,1000000,0,60,683.7000122070312,39u8w68a,reacher-hard-v0_0_20260212-100513_Ours+curiosity_ftlr0.0001_clip1.0_A10.0_On0.0_anlFalse
1M,1000000,0,61,501.70001220703125,39u8w68a,reacher-hard-v0_0_20260212-100513_Ours+curiosity_ftlr0.0001_clip1.0_A10.0_On0.0_anlFalse
1M,1000000,0,62,499.70001220703125,39u8w68a,reacher-hard-v0_0_20260212-100513_Ours+curiosity_ftlr0.0001_clip1.0_A10.0_On0.0_anlFalse
1M,1000000,0,63,584.7999877929688,39u8w68a,reacher-hard-v0_0_20260212-100513_Ours+curiosity_ftlr0.0001_clip1.0_A10.0_On0.0_anlFalse
1M,1000000,0,64,450.79998779296875,39u8w68a,reacher-hard-v0_0_20260212-100513_Ours+curiosity_ftlr0.0001_clip1.0_A10.0_On0.0_anlFalse
1M,1000000,0,65,773.7999877929688,39u8w68a,reacher-hard-v0_0_20260212-100513_Ours+curiosity_ftlr0.0001_clip1.0_A10.0_On0.0_anlFalse
1M,1000000,0,66,321.3999938964844,39u8w68a,reacher-hard-v0_0_20260212-100513_Ours+curiosity_ftlr0.0001_clip1.0_A10.0_On0.0_anlFalse
1M,1000000,0,67,401.20001220703125,39u8w68a,reacher-hard-v0_0_20260212-100513_Ours+curiosity_ftlr0.0001_clip1.0_A10.0_On0.0_anlFalse
1M,1000000,0,68,447.79998779296875,39u8w68a,reacher-hard-v0_0_20260212-100513_Ours+curiosity_ftlr0.0001_clip1.0_A10.0_On0.0_anlFalse
1M,1000000,0,69,960.2999877929688,39u8w68a,reacher-hard-v0_0_20260212-100513_Ours+curiosity_ftlr0.0001_clip1.0_A10.0_On0.0_anlFalse
1M,1000000,0,70,578.7000122070312,39u8w68a,reacher-hard-v0_0_20260212-100513_Ours+curiosity_ftlr0.0001_clip1.0_A10.0_On0.0_anlFalse
1M,1000000,0,71,388.6000061035156,39u8w68a,reacher-hard-v0_0_20260212-100513_Ours+curiosity_ftlr0.0001_clip1.0_A10.0_On0.0_anlFalse
1M,1000000,0,72,768.5,39u8w68a,reacher-hard-v0_0_20260212-100513_Ours+curiosity_ftlr0.0001_clip1.0_A10.0_On0.0_anlFalse
1M,1000000,0,73,390.79998779296875,39u8w68a,reacher-hard-v0_0_20260212-100513_Ours+curiosity_ftlr0.0001_clip1.0_A10.0_On0.0_anlFalse
1M,1000000,0,74,864.4000244140625,39u8w68a,reacher-hard-v0_0_20260212-100513_Ours+curiosity_ftlr0.0001_clip1.0_A10.0_On0.0_anlFalse
1M,1000000,0,75,765.9000244140625,39u8w68a,reacher-hard-v0_0_20260212-100513_Ours+curiosity_ftlr0.0001_clip1.0_A10.0_On0.0_anlFalse
1M,1000000,0,76,677.5999755859375,39u8w68a,reacher-hard-v0_0_20260212-100513_Ours+curiosity_ftlr0.0001_clip1.0_A10.0_On0.0_anlFalse
1M,1000000,0,77,568.0999755859375,39u8w68a,reacher-hard-v0_0_20260212-100513_Ours+curiosity_ftlr0.0001_clip1.0_A10.0_On0.0_anlFalse
1M,1000000,0,78,284.20001220703125,39u8w68a,reacher-hard-v0_0_20260212-100513_Ours+curiosity_ftlr0.0001_clip1.0_A10.0_On0.0_anlFalse
1M,1000000,0,79,580.2000122070312,39u8w68a,reacher-hard-v0_0_20260212-100513_Ours+curiosity_ftlr0.0001_clip1.0_A10.0_On0.0_anlFalse
1M,1000000,0,80,477.79998779296875,39u8w68a,reacher-hard-v0_0_20260212-100513_Ours+curiosity_ftlr0.0001_clip1.0_A10.0_On0.0_anlFalse
1M,1000000,0,81,435,39u8w68a,reacher-hard-v0_0_20260212-100513_Ours+curiosity_ftlr0.0001_clip1.0_A10.0_On0.0_anlFalse
1M,1000000,0,82,396.1000061035156,39u8w68a,reacher-hard-v0_0_20260212-100513_Ours+curiosity_ftlr0.0001_clip1.0_A10.0_On0.0_anlFalse
1M,1000000,0,83,773.5999755859375,39u8w68a,reacher-hard-v0_0_20260212-100513_Ours+curiosity_ftlr0.0001_clip1.0_A10.0_On0.0_anlFalse
1M,1000000,0,84,675.5999755859375,39u8w68a,reacher-hard-v0_0_20260212-100513_Ours+curiosity_ftlr0.0001_clip1.0_A10.0_On0.0_anlFalse
1M,1000000,0,85,290.29998779296875,39u8w68a,reacher-hard-v0_0_20260212-100513_Ours+curiosity_ftlr0.0001_clip1.0_A10.0_On0.0_anlFalse
1M,1000000,0,86,575.2000122070312,39u8w68a,reacher-hard-v0_0_20260212-100513_Ours+curiosity_ftlr0.0001_clip1.0_A10.0_On0.0_anlFalse
1M,1000000,0,87,491.5,39u8w68a,reacher-hard-v0_0_20260212-100513_Ours+curiosity_ftlr0.0001_clip1.0_A10.0_On0.0_anlFalse
1M,1000000,0,88,572,39u8w68a,reacher-hard-v0_0_20260212-100513_Ours+curiosity_ftlr0.0001_clip1.0_A10.0_On0.0_anlFalse
1M,1000000,0,89,583.2000122070312,39u8w68a,reacher-hard-v0_0_20260212-100513_Ours+curiosity_ftlr0.0001_clip1.0_A10.0_On0.0_anlFalse
1M,1000000,0,90,582.5999755859375,39u8w68a,reacher-hard-v0_0_20260212-100513_Ours+curiosity_ftlr0.0001_clip1.0_A10.0_On0.0_anlFalse
1M,1000000,0,91,775.9000244140625,39u8w68a,reacher-hard-v0_0_20260212-100513_Ours+curiosity_ftlr0.0001_clip1.0_A10.0_On0.0_anlFalse
1M,1000000,0,92,895.7000122070312,39u8w68a,reacher-hard-v0_0_20260212-100513_Ours+curiosity_ftlr0.0001_clip1.0_A10.0_On0.0_anlFalse
1M,1000000,0,93,970.7000122070312,39u8w68a,reacher-hard-v0_0_20260212-100513_Ours+curiosity_ftlr0.0001_clip1.0_A10.0_On0.0_anlFalse
1M,1000000,0,94,762.2999877929688,39u8w68a,reacher-hard-v0_0_20260212-100513_Ours+curiosity_ftlr0.0001_clip1.0_A10.0_On0.0_anlFalse
1M,1000000,0,95,772.0999755859375,39u8w68a,reacher-hard-v0_0_20260212-100513_Ours+curiosity_ftlr0.0001_clip1.0_A10.0_On0.0_anlFalse
1M,1000000,0,96,737.4000244140625,39u8w68a,reacher-hard-v0_0_20260212-100513_Ours+curiosity_ftlr0.0001_clip1.0_A10.0_On0.0_anlFalse
1M,1000000,0,97,807.7000122070312,39u8w68a,reacher-hard-v0_0_20260212-100513_Ours+curiosity_ftlr0.0001_clip1.0_A10.0_On0.0_anlFalse
1M,1000000,0,98,668.2999877929688,39u8w68a,reacher-hard-v0_0_20260212-100513_Ours+curiosity_ftlr0.0001_clip1.0_A10.0_On0.0_anlFalse
1M,1000000,0,99,881.9000244140625,39u8w68a,reacher-hard-v0_0_20260212-100513_Ours+curiosity_ftlr0.0001_clip1.0_A10.0_On0.0_anlFalse
1M,1000000,1,0,1.2000000476837158,je4mfqhb,reacher-hard-v0_1_20260212-100513_Ours+curiosity_ftlr0.0001_clip1.0_A10.0_On0.0_anlFalse
1M,1000000,1,1,0,je4mfqhb,reacher-hard-v0_1_20260212-100513_Ours+curiosity_ftlr0.0001_clip1.0_A10.0_On0.0_anlFalse
1M,1000000,1,2,1.2000000476837158,je4mfqhb,reacher-hard-v0_1_20260212-100513_Ours+curiosity_ftlr0.0001_clip1.0_A10.0_On0.0_anlFalse
1M,1000000,1,3,13.899999618530273,je4mfqhb,reacher-hard-v0_1_20260212-100513_Ours+curiosity_ftlr0.0001_clip1.0_A10.0_On0.0_anlFalse
1M,1000000,1,4,10.100000381469727,je4mfqhb,reacher-hard-v0_1_20260212-100513_Ours+curiosity_ftlr0.0001_clip1.0_A10.0_On0.0_anlFalse
1M,1000000,1,5,2.4000000953674316,je4mfqhb,reacher-hard-v0_1_20260212-100513_Ours+curiosity_ftlr0.0001_clip1.0_A10.0_On0.0_anlFalse
1M,1000000,1,6,0.800000011920929,je4mfqhb,reacher-hard-v0_1_20260212-100513_Ours+curiosity_ftlr0.0001_clip1.0_A10.0_On0.0_anlFalse
1M,1000000,1,7,4.199999809265137,je4mfqhb,reacher-hard-v0_1_20260212-100513_Ours+curiosity_ftlr0.0001_clip1.0_A10.0_On0.0_anlFalse
1M,1000000,1,8,0.800000011920929,je4mfqhb,reacher-hard-v0_1_20260212-100513_Ours+curiosity_ftlr0.0001_clip1.0_A10.0_On0.0_anlFalse
1M,1000000,1,9,3.700000047683716,je4mfqhb,reacher-hard-v0_1_20260212-100513_Ours+curiosity_ftlr0.0001_clip1.0_A10.0_On0.0_anlFalse
1M,1000000,1,10,0.5,je4mfqhb,reacher-hard-v0_1_20260212-100513_Ours+curiosity_ftlr0.0001_clip1.0_A10.0_On0.0_anlFalse
1M,1000000,1,11,3.5,je4mfqhb,reacher-hard-v0_1_20260212-100513_Ours+curiosity_ftlr0.0001_clip1.0_A10.0_On0.0_anlFalse
1M,1000000,1,12,0.20000000298023224,je4mfqhb,reacher-hard-v0_1_20260212-100513_Ours+curiosity_ftlr0.0001_clip1.0_A10.0_On0.0_anlFalse
1M,1000000,1,13,97.19999694824219,je4mfqhb,reacher-hard-v0_1_20260212-100513_Ours+curiosity_ftlr0.0001_clip1.0_A10.0_On0.0_anlFalse
1M,1000000,1,14,95.0999984741211,je4mfqhb,reacher-hard-v0_1_20260212-100513_Ours+curiosity_ftlr0.0001_clip1.0_A10.0_On0.0_anlFalse
1M,1000000,1,15,1.2999999523162842,je4mfqhb,reacher-hard-v0_1_20260212-100513_Ours+curiosity_ftlr0.0001_clip1.0_A10.0_On0.0_anlFalse
1M,1000000,1,16,97.80000305175781,je4mfqhb,reacher-hard-v0_1_20260212-100513_Ours+curiosity_ftlr0.0001_clip1.0_A10.0_On0.0_anlFalse
1M,1000000,1,17,94.5999984741211,je4mfqhb,reacher-hard-v0_1_20260212-100513_Ours+curiosity_ftlr0.0001_clip1.0_A10.0_On0.0_anlFalse
1M,1000000,1,18,188.3000030517578,je4mfqhb,reacher-hard-v0_1_20260212-100513_Ours+curiosity_ftlr0.0001_clip1.0_A10.0_On0.0_anlFalse
1M,1000000,1,19,166.89999389648438,je4mfqhb,reacher-hard-v0_1_20260212-100513_Ours+curiosity_ftlr0.0001_clip1.0_A10.0_On0.0_anlFalse
1M,1000000,1,20,192.1999969482422,je4mfqhb,reacher-hard-v0_1_20260212-100513_Ours+curiosity_ftlr0.0001_clip1.0_A10.0_On0.0_anlFalse
1M,1000000,1,21,95.0999984741211,je4mfqhb,reacher-hard-v0_1_20260212-100513_Ours+curiosity_ftlr0.0001_clip1.0_A10.0_On0.0_anlFalse
1M,1000000,1,22,1.600000023841858,je4mfqhb,reacher-hard-v0_1_20260212-100513_Ours+curiosity_ftlr0.0001_clip1.0_A10.0_On0.0_anlFalse
1M,1000000,1,23,418.20001220703125,je4mfqhb,reacher-hard-v0_1_20260212-100513_Ours+curiosity_ftlr0.0001_clip1.0_A10.0_On0.0_anlFalse
1M,1000000,1,24,191.6999969482422,je4mfqhb,reacher-hard-v0_1_20260212-100513_Ours+curiosity_ftlr0.0001_clip1.0_A10.0_On0.0_anlFalse
1M,1000000,1,25,94.19999694824219,je4mfqhb,reacher-hard-v0_1_20260212-100513_Ours+curiosity_ftlr0.0001_clip1.0_A10.0_On0.0_anlFalse
1M,1000000,1,26,2.299999952316284,je4mfqhb,reacher-hard-v0_1_20260212-100513_Ours+curiosity_ftlr0.0001_clip1.0_A10.0_On0.0_anlFalse
1M,1000000,1,27,193.89999389648438,je4mfqhb,reacher-hard-v0_1_20260212-100513_Ours+curiosity_ftlr0.0001_clip1.0_A10.0_On0.0_anlFalse
1M,1000000,1,28,180.6999969482422,je4mfqhb,reacher-hard-v0_1_20260212-100513_Ours+curiosity_ftlr0.0001_clip1.0_A10.0_On0.0_anlFalse
1M,1000000,1,29,533.7999877929688,je4mfqhb,reacher-hard-v0_1_20260212-100513_Ours+curiosity_ftlr0.0001_clip1.0_A10.0_On0.0_anlFalse
1M,1000000,1,30,267.3999938964844,je4mfqhb,reacher-hard-v0_1_20260212-100513_Ours+curiosity_ftlr0.0001_clip1.0_A10.0_On0.0_anlFalse
1M,1000000,1,31,197.39999389648438,je4mfqhb,reacher-hard-v0_1_20260212-100513_Ours+curiosity_ftlr0.0001_clip1.0_A10.0_On0.0_anlFalse
1M,1000000,1,32,63.20000076293945,je4mfqhb,reacher-hard-v0_1_20260212-100513_Ours+curiosity_ftlr0.0001_clip1.0_A10.0_On0.0_anlFalse
1M,1000000,1,33,280.6000061035156,je4mfqhb,reacher-hard-v0_1_20260212-100513_Ours+curiosity_ftlr0.0001_clip1.0_A10.0_On0.0_anlFalse
1M,1000000,1,34,299.3999938964844,je4mfqhb,reacher-hard-v0_1_20260212-100513_Ours+curiosity_ftlr0.0001_clip1.0_A10.0_On0.0_anlFalse
1M,1000000,1,35,90,je4mfqhb,reacher-hard-v0_1_20260212-100513_Ours+curiosity_ftlr0.0001_clip1.0_A10.0_On0.0_anlFalse
1M,1000000,1,36,99.69999694824219,je4mfqhb,reacher-hard-v0_1_20260212-100513_Ours+curiosity_ftlr0.0001_clip1.0_A10.0_On0.0_anlFalse
1M,1000000,1,37,290.29998779296875,je4mfqhb,reacher-hard-v0_1_20260212-100513_Ours+curiosity_ftlr0.0001_clip1.0_A10.0_On0.0_anlFalse
1M,1000000,1,38,286,je4mfqhb,reacher-hard-v0_1_20260212-100513_Ours+curiosity_ftlr0.0001_clip1.0_A10.0_On0.0_anlFalse
1M,1000000,1,39,281.1000061035156,je4mfqhb,reacher-hard-v0_1_20260212-100513_Ours+curiosity_ftlr0.0001_clip1.0_A10.0_On0.0_anlFalse
1M,1000000,1,40,114.5,je4mfqhb,reacher-hard-v0_1_20260212-100513_Ours+curiosity_ftlr0.0001_clip1.0_A10.0_On0.0_anlFalse
1M,1000000,1,41,276.5,je4mfqhb,reacher-hard-v0_1_20260212-100513_Ours+curiosity_ftlr0.0001_clip1.0_A10.0_On0.0_anlFalse
1M,1000000,1,42,379.3999938964844,je4mfqhb,reacher-hard-v0_1_20260212-100513_Ours+curiosity_ftlr0.0001_clip1.0_A10.0_On0.0_anlFalse
1M,1000000,1,43,667.2000122070312,je4mfqhb,reacher-hard-v0_1_20260212-100513_Ours+curiosity_ftlr0.0001_clip1.0_A10.0_On0.0_anlFalse
1M,1000000,1,44,288.1000061035156,je4mfqhb,reacher-hard-v0_1_20260212-100513_Ours+curiosity_ftlr0.0001_clip1.0_A10.0_On0.0_anlFalse
1M,1000000,1,45,669.7999877929688,je4mfqhb,reacher-hard-v0_1_20260212-100513_Ours+curiosity_ftlr0.0001_clip1.0_A10.0_On0.0_anlFalse
1M,1000000,1,46,572.2000122070312,je4mfqhb,reacher-hard-v0_1_20260212-100513_Ours+curiosity_ftlr0.0001_clip1.0_A10.0_On0.0_anlFalse
1M,1000000,1,47,665,je4mfqhb,reacher-hard-v0_1_20260212-100513_Ours+curiosity_ftlr0.0001_clip1.0_A10.0_On0.0_anlFalse
1M,1000000,1,48,661.5999755859375,je4mfqhb,reacher-hard-v0_1_20260212-100513_Ours+curiosity_ftlr0.0001_clip1.0_A10.0_On0.0_anlFalse
1M,1000000,1,49,575.9000244140625,je4mfqhb,reacher-hard-v0_1_20260212-100513_Ours+curiosity_ftlr0.0001_clip1.0_A10.0_On0.0_anlFalse
1M,1000000,1,50,871.9000244140625,je4mfqhb,reacher-hard-v0_1_20260212-100513_Ours+curiosity_ftlr0.0001_clip1.0_A10.0_On0.0_anlFalse
1M,1000000,1,51,675,je4mfqhb,reacher-hard-v0_1_20260212-100513_Ours+curiosity_ftlr0.0001_clip1.0_A10.0_On0.0_anlFalse
1M,1000000,1,52,766.2999877929688,je4mfqhb,reacher-hard-v0_1_20260212-100513_Ours+curiosity_ftlr0.0001_clip1.0_A10.0_On0.0_anlFalse
1M,1000000,1,53,559.9000244140625,je4mfqhb,reacher-hard-v0_1_20260212-100513_Ours+curiosity_ftlr0.0001_clip1.0_A10.0_On0.0_anlFalse
1M,1000000,1,54,673.5,je4mfqhb,reacher-hard-v0_1_20260212-100513_Ours+curiosity_ftlr0.0001_clip1.0_A10.0_On0.0_anlFalse
1M,1000000,1,55,674.5,je4mfqhb,reacher-hard-v0_1_20260212-100513_Ours+curiosity_ftlr0.0001_clip1.0_A10.0_On0.0_anlFalse
1M,1000000,1,56,763.5,je4mfqhb,reacher-hard-v0_1_20260212-100513_Ours+curiosity_ftlr0.0001_clip1.0_A10.0_On0.0_anlFalse
1M,1000000,1,57,960.4000244140625,je4mfqhb,reacher-hard-v0_1_20260212-100513_Ours+curiosity_ftlr0.0001_clip1.0_A10.0_On0.0_anlFalse
1M,1000000,1,58,668.4000244140625,je4mfqhb,reacher-hard-v0_1_20260212-100513_Ours+curiosity_ftlr0.0001_clip1.0_A10.0_On0.0_anlFalse
1M,1000000,1,59,764.5999755859375,je4mfqhb,reacher-hard-v0_1_20260212-100513_Ours+curiosity_ftlr0.0001_clip1.0_A10.0_On0.0_anlFalse
1M,1000000,1,60,768.9000244140625,je4mfqhb,reacher-hard-v0_1_20260212-100513_Ours+curiosity_ftlr0.0001_clip1.0_A10.0_On0.0_anlFalse
1M,1000000,1,61,478.20001220703125,je4mfqhb,reacher-hard-v0_1_20260212-100513_Ours+curiosity_ftlr0.0001_clip1.0_A10.0_On0.0_anlFalse
1M,1000000,1,62,672.9000244140625,je4mfqhb,reacher-hard-v0_1_20260212-100513_Ours+curiosity_ftlr0.0001_clip1.0_A10.0_On0.0_anlFalse
1M,1000000,1,63,391.70001220703125,je4mfqhb,reacher-hard-v0_1_20260212-100513_Ours+curiosity_ftlr0.0001_clip1.0_A10.0_On0.0_anlFalse
1M,1000000,1,64,774,je4mfqhb,reacher-hard-v0_1_20260212-100513_Ours+curiosity_ftlr0.0001_clip1.0_A10.0_On0.0_anlFalse
1M,1000000,1,65,754.4000244140625,je4mfqhb,reacher-hard-v0_1_20260212-100513_Ours+curiosity_ftlr0.0001_clip1.0_A10.0_On0.0_anlFalse
1M,1000000,1,66,672.2999877929688,je4mfqhb,reacher-hard-v0_1_20260212-100513_Ours+curiosity_ftlr0.0001_clip1.0_A10.0_On0.0_anlFalse
1M,1000000,1,67,568.2000122070312,je4mfqhb,reacher-hard-v0_1_20260212-100513_Ours+curiosity_ftlr0.0001_clip1.0_A10.0_On0.0_anlFalse
1M,1000000,1,68,679.0999755859375,je4mfqhb,reacher-hard-v0_1_20260212-100513_Ours+curiosity_ftlr0.0001_clip1.0_A10.0_On0.0_anlFalse
1M,1000000,1,69,769.7999877929688,je4mfqhb,reacher-hard-v0_1_20260212-100513_Ours+curiosity_ftlr0.0001_clip1.0_A10.0_On0.0_anlFalse
1M,1000000,1,70,475.20001220703125,je4mfqhb,reacher-hard-v0_1_20260212-100513_Ours+curiosity_ftlr0.0001_clip1.0_A10.0_On0.0_anlFalse
1M,1000000,1,71,579.4000244140625,je4mfqhb,reacher-hard-v0_1_20260212-100513_Ours+curiosity_ftlr0.0001_clip1.0_A10.0_On0.0_anlFalse
1M,1000000,1,72,667.5999755859375,je4mfqhb,reacher-hard-v0_1_20260212-100513_Ours+curiosity_ftlr0.0001_clip1.0_A10.0_On0.0_anlFalse
1M,1000000,1,73,432.6000061035156,je4mfqhb,reacher-hard-v0_1_20260212-100513_Ours+curiosity_ftlr0.0001_clip1.0_A10.0_On0.0_anlFalse
1M,1000000,1,74,766.2999877929688,je4mfqhb,reacher-hard-v0_1_20260212-100513_Ours+curiosity_ftlr0.0001_clip1.0_A10.0_On0.0_anlFalse
1M,1000000,1,75,674.4000244140625,je4mfqhb,reacher-hard-v0_1_20260212-100513_Ours+curiosity_ftlr0.0001_clip1.0_A10.0_On0.0_anlFalse
1M,1000000,1,76,881.7999877929688,je4mfqhb,reacher-hard-v0_1_20260212-100513_Ours+curiosity_ftlr0.0001_clip1.0_A10.0_On0.0_anlFalse
1M,1000000,1,77,479.20001220703125,je4mfqhb,reacher-hard-v0_1_20260212-100513_Ours+curiosity_ftlr0.0001_clip1.0_A10.0_On0.0_anlFalse
1M,1000000,1,78,449.5,je4mfqhb,reacher-hard-v0_1_20260212-100513_Ours+curiosity_ftlr0.0001_clip1.0_A10.0_On0.0_anlFalse
1M,1000000,1,79,826.9000244140625,je4mfqhb,reacher-hard-v0_1_20260212-100513_Ours+curiosity_ftlr0.0001_clip1.0_A10.0_On0.0_anlFalse
1M,1000000,1,80,593.4000244140625,je4mfqhb,reacher-hard-v0_1_20260212-100513_Ours+curiosity_ftlr0.0001_clip1.0_A10.0_On0.0_anlFalse
1M,1000000,1,81,858.2999877929688,je4mfqhb,reacher-hard-v0_1_20260212-100513_Ours+curiosity_ftlr0.0001_clip1.0_A10.0_On0.0_anlFalse
1M,1000000,1,82,878.2000122070312,je4mfqhb,reacher-hard-v0_1_20260212-100513_Ours+curiosity_ftlr0.0001_clip1.0_A10.0_On0.0_anlFalse
1M,1000000,1,83,864.4000244140625,je4mfqhb,reacher-hard-v0_1_20260212-100513_Ours+curiosity_ftlr0.0001_clip1.0_A10.0_On0.0_anlFalse
1M,1000000,1,84,670.7000122070312,je4mfqhb,reacher-hard-v0_1_20260212-100513_Ours+curiosity_ftlr0.0001_clip1.0_A10.0_On0.0_anlFalse
1M,1000000,1,85,869.2000122070312,je4mfqhb,reacher-hard-v0_1_20260212-100513_Ours+curiosity_ftlr0.0001_clip1.0_A10.0_On0.0_anlFalse
1M,1000000,1,86,759.5,je4mfqhb,reacher-hard-v0_1_20260212-100513_Ours+curiosity_ftlr0.0001_clip1.0_A10.0_On0.0_anlFalse
1M,1000000,1,87,953.2000122070312,je4mfqhb,reacher-hard-v0_1_20260212-100513_Ours+curiosity_ftlr0.0001_clip1.0_A10.0_On0.0_anlFalse
1M,1000000,1,88,667.2000122070312,je4mfqhb,reacher-hard-v0_1_20260212-100513_Ours+curiosity_ftlr0.0001_clip1.0_A10.0_On0.0_anlFalse
1M,1000000,1,89,762.7999877929688,je4mfqhb,reacher-hard-v0_1_20260212-100513_Ours+curiosity_ftlr0.0001_clip1.0_A10.0_On0.0_anlFalse
1M,1000000,1,90,759.7999877929688,je4mfqhb,reacher-hard-v0_1_20260212-100513_Ours+curiosity_ftlr0.0001_clip1.0_A10.0_On0.0_anlFalse
1M,1000000,1,91,777.2000122070312,je4mfqhb,reacher-hard-v0_1_20260212-100513_Ours+curiosity_ftlr0.0001_clip1.0_A10.0_On0.0_anlFalse
1M,1000000,1,92,959.5999755859375,je4mfqhb,reacher-hard-v0_1_20260212-100513_Ours+curiosity_ftlr0.0001_clip1.0_A10.0_On0.0_anlFalse
1M,1000000,1,93,961.9000244140625,je4mfqhb,reacher-hard-v0_1_20260212-100513_Ours+curiosity_ftlr0.0001_clip1.0_A10.0_On0.0_anlFalse
1M,1000000,1,94,968.7999877929688,je4mfqhb,reacher-hard-v0_1_20260212-100513_Ours+curiosity_ftlr0.0001_clip1.0_A10.0_On0.0_anlFalse
1M,1000000,1,95,778,je4mfqhb,reacher-hard-v0_1_20260212-100513_Ours+curiosity_ftlr0.0001_clip1.0_A10.0_On0.0_anlFalse
1M,1000000,1,96,854.2000122070312,je4mfqhb,reacher-hard-v0_1_20260212-100513_Ours+curiosity_ftlr0.0001_clip1.0_A10.0_On0.0_anlFalse
1M,1000000,1,97,563.0999755859375,je4mfqhb,reacher-hard-v0_1_20260212-100513_Ours+curiosity_ftlr0.0001_clip1.0_A10.0_On0.0_anlFalse
1M,1000000,1,98,967.4000244140625,je4mfqhb,reacher-hard-v0_1_20260212-100513_Ours+curiosity_ftlr0.0001_clip1.0_A10.0_On0.0_anlFalse
1M,1000000,1,99,957.0999755859375,je4mfqhb,reacher-hard-v0_1_20260212-100513_Ours+curiosity_ftlr0.0001_clip1.0_A10.0_On0.0_anlFalse
1M,1000000,3,0,0,48rsvbk9,reacher-hard-v0_3_20260212-100513_Ours+curiosity_ftlr0.0001_clip1.0_A10.0_On0.0_anlFalse
1M,1000000,3,1,0.800000011920929,48rsvbk9,reacher-hard-v0_3_20260212-100513_Ours+curiosity_ftlr0.0001_clip1.0_A10.0_On0.0_anlFalse
1M,1000000,3,2,0,48rsvbk9,reacher-hard-v0_3_20260212-100513_Ours+curiosity_ftlr0.0001_clip1.0_A10.0_On0.0_anlFalse
1M,1000000,3,3,7.599999904632568,48rsvbk9,reacher-hard-v0_3_20260212-100513_Ours+curiosity_ftlr0.0001_clip1.0_A10.0_On0.0_anlFalse
1M,1000000,3,4,0,48rsvbk9,reacher-hard-v0_3_20260212-100513_Ours+curiosity_ftlr0.0001_clip1.0_A10.0_On0.0_anlFalse
1M,1000000,3,5,0,48rsvbk9,reacher-hard-v0_3_20260212-100513_Ours+curiosity_ftlr0.0001_clip1.0_A10.0_On0.0_anlFalse
1M,1000000,3,6,10.899999618530273,48rsvbk9,reacher-hard-v0_3_20260212-100513_Ours+curiosity_ftlr0.0001_clip1.0_A10.0_On0.0_anlFalse
1M,1000000,3,7,2.0999999046325684,48rsvbk9,reacher-hard-v0_3_20260212-100513_Ours+curiosity_ftlr0.0001_clip1.0_A10.0_On0.0_anlFalse
1M,1000000,3,8,0,48rsvbk9,reacher-hard-v0_3_20260212-100513_Ours+curiosity_ftlr0.0001_clip1.0_A10.0_On0.0_anlFalse
1M,1000000,3,9,0,48rsvbk9,reacher-hard-v0_3_20260212-100513_Ours+curiosity_ftlr0.0001_clip1.0_A10.0_On0.0_anlFalse
1M,1000000,3,10,92.4000015258789,48rsvbk9,reacher-hard-v0_3_20260212-100513_Ours+curiosity_ftlr0.0001_clip1.0_A10.0_On0.0_anlFalse
1M,1000000,3,11,0,48rsvbk9,reacher-hard-v0_3_20260212-100513_Ours+curiosity_ftlr0.0001_clip1.0_A10.0_On0.0_anlFalse
1M,1000000,3,12,0,48rsvbk9,reacher-hard-v0_3_20260212-100513_Ours+curiosity_ftlr0.0001_clip1.0_A10.0_On0.0_anlFalse
1M,1000000,3,13,84.30000305175781,48rsvbk9,reacher-hard-v0_3_20260212-100513_Ours+curiosity_ftlr0.0001_clip1.0_A10.0_On0.0_anlFalse
1M,1000000,3,14,1.2999999523162842,48rsvbk9,reacher-hard-v0_3_20260212-100513_Ours+curiosity_ftlr0.0001_clip1.0_A10.0_On0.0_anlFalse
1M,1000000,3,15,1.600000023841858,48rsvbk9,reacher-hard-v0_3_20260212-100513_Ours+curiosity_ftlr0.0001_clip1.0_A10.0_On0.0_anlFalse
1M,1000000,3,16,0,48rsvbk9,reacher-hard-v0_3_20260212-100513_Ours+curiosity_ftlr0.0001_clip1.0_A10.0_On0.0_anlFalse
1M,1000000,3,17,200.3000030517578,48rsvbk9,reacher-hard-v0_3_20260212-100513_Ours+curiosity_ftlr0.0001_clip1.0_A10.0_On0.0_anlFalse
1M,1000000,3,18,187.60000610351562,48rsvbk9,reacher-hard-v0_3_20260212-100513_Ours+curiosity_ftlr0.0001_clip1.0_A10.0_On0.0_anlFalse
1M,1000000,3,19,197.3000030517578,48rsvbk9,reacher-hard-v0_3_20260212-100513_Ours+curiosity_ftlr0.0001_clip1.0_A10.0_On0.0_anlFalse
1M,1000000,3,20,289.29998779296875,48rsvbk9,reacher-hard-v0_3_20260212-100513_Ours+curiosity_ftlr0.0001_clip1.0_A10.0_On0.0_anlFalse
1M,1000000,3,21,193.3000030517578,48rsvbk9,reacher-hard-v0_3_20260212-100513_Ours+curiosity_ftlr0.0001_clip1.0_A10.0_On0.0_anlFalse
1M,1000000,3,22,175.60000610351562,48rsvbk9,reacher-hard-v0_3_20260212-100513_Ours+curiosity_ftlr0.0001_clip1.0_A10.0_On0.0_anlFalse
1M,1000000,3,23,1.100000023841858,48rsvbk9,reacher-hard-v0_3_20260212-100513_Ours+curiosity_ftlr0.0001_clip1.0_A10.0_On0.0_anlFalse
1M,1000000,3,24,274.70001220703125,48rsvbk9,reacher-hard-v0_3_20260212-100513_Ours+curiosity_ftlr0.0001_clip1.0_A10.0_On0.0_anlFalse
1M,1000000,3,25,101.5,48rsvbk9,reacher-hard-v0_3_20260212-100513_Ours+curiosity_ftlr0.0001_clip1.0_A10.0_On0.0_anlFalse
1M,1000000,3,26,299,48rsvbk9,reacher-hard-v0_3_20260212-100513_Ours+curiosity_ftlr0.0001_clip1.0_A10.0_On0.0_anlFalse
1M,1000000,3,27,290.29998779296875,48rsvbk9,reacher-hard-v0_3_20260212-100513_Ours+curiosity_ftlr0.0001_clip1.0_A10.0_On0.0_anlFalse
1M,1000000,3,28,476.3999938964844,48rsvbk9,reacher-hard-v0_3_20260212-100513_Ours+curiosity_ftlr0.0001_clip1.0_A10.0_On0.0_anlFalse
1M,1000000,3,29,475.29998779296875,48rsvbk9,reacher-hard-v0_3_20260212-100513_Ours+curiosity_ftlr0.0001_clip1.0_A10.0_On0.0_anlFalse
1M,1000000,3,30,0,48rsvbk9,reacher-hard-v0_3_20260212-100513_Ours+curiosity_ftlr0.0001_clip1.0_A10.0_On0.0_anlFalse
1M,1000000,3,31,381.29998779296875,48rsvbk9,reacher-hard-v0_3_20260212-100513_Ours+curiosity_ftlr0.0001_clip1.0_A10.0_On0.0_anlFalse
1M,1000000,3,32,1.399999976158142,48rsvbk9,reacher-hard-v0_3_20260212-100513_Ours+curiosity_ftlr0.0001_clip1.0_A10.0_On0.0_anlFalse
1M,1000000,3,33,482.79998779296875,48rsvbk9,reacher-hard-v0_3_20260212-100513_Ours+curiosity_ftlr0.0001_clip1.0_A10.0_On0.0_anlFalse
1M,1000000,3,34,656.4000244140625,48rsvbk9,reacher-hard-v0_3_20260212-100513_Ours+curiosity_ftlr0.0001_clip1.0_A10.0_On0.0_anlFalse
1M,1000000,3,35,97.19999694824219,48rsvbk9,reacher-hard-v0_3_20260212-100513_Ours+curiosity_ftlr0.0001_clip1.0_A10.0_On0.0_anlFalse
1M,1000000,3,36,100.30000305175781,48rsvbk9,reacher-hard-v0_3_20260212-100513_Ours+curiosity_ftlr0.0001_clip1.0_A10.0_On0.0_anlFalse
1M,1000000,3,37,287.1000061035156,48rsvbk9,reacher-hard-v0_3_20260212-100513_Ours+curiosity_ftlr0.0001_clip1.0_A10.0_On0.0_anlFalse
1M,1000000,3,38,672,48rsvbk9,reacher-hard-v0_3_20260212-100513_Ours+curiosity_ftlr0.0001_clip1.0_A10.0_On0.0_anlFalse
1M,1000000,3,39,381.79998779296875,48rsvbk9,reacher-hard-v0_3_20260212-100513_Ours+curiosity_ftlr0.0001_clip1.0_A10.0_On0.0_anlFalse
1M,1000000,3,40,489.3999938964844,48rsvbk9,reacher-hard-v0_3_20260212-100513_Ours+curiosity_ftlr0.0001_clip1.0_A10.0_On0.0_anlFalse
1M,1000000,3,41,196,48rsvbk9,reacher-hard-v0_3_20260212-100513_Ours+curiosity_ftlr0.0001_clip1.0_A10.0_On0.0_anlFalse
1M,1000000,3,42,491,48rsvbk9,reacher-hard-v0_3_20260212-100513_Ours+curiosity_ftlr0.0001_clip1.0_A10.0_On0.0_anlFalse
1M,1000000,3,43,768.9000244140625,48rsvbk9,reacher-hard-v0_3_20260212-100513_Ours+curiosity_ftlr0.0001_clip1.0_A10.0_On0.0_anlFalse
1M,1000000,3,44,753.7000122070312,48rsvbk9,reacher-hard-v0_3_20260212-100513_Ours+curiosity_ftlr0.0001_clip1.0_A10.0_On0.0_anlFalse
1M,1000000,3,45,491.29998779296875,48rsvbk9,reacher-hard-v0_3_20260212-100513_Ours+curiosity_ftlr0.0001_clip1.0_A10.0_On0.0_anlFalse
1M,1000000,3,46,675.0999755859375,48rsvbk9,reacher-hard-v0_3_20260212-100513_Ours+curiosity_ftlr0.0001_clip1.0_A10.0_On0.0_anlFalse
1M,1000000,3,47,865.7000122070312,48rsvbk9,reacher-hard-v0_3_20260212-100513_Ours+curiosity_ftlr0.0001_clip1.0_A10.0_On0.0_anlFalse
1M,1000000,3,48,778.9000244140625,48rsvbk9,reacher-hard-v0_3_20260212-100513_Ours+curiosity_ftlr0.0001_clip1.0_A10.0_On0.0_anlFalse
1M,1000000,3,49,682.9000244140625,48rsvbk9,reacher-hard-v0_3_20260212-100513_Ours+curiosity_ftlr0.0001_clip1.0_A10.0_On0.0_anlFalse
1M,1000000,3,50,391.20001220703125,48rsvbk9,reacher-hard-v0_3_20260212-100513_Ours+curiosity_ftlr0.0001_clip1.0_A10.0_On0.0_anlFalse
1M,1000000,3,51,483.6000061035156,48rsvbk9,reacher-hard-v0_3_20260212-100513_Ours+curiosity_ftlr0.0001_clip1.0_A10.0_On0.0_anlFalse
1M,1000000,3,52,488.5,48rsvbk9,reacher-hard-v0_3_20260212-100513_Ours+curiosity_ftlr0.0001_clip1.0_A10.0_On0.0_anlFalse
1M,1000000,3,53,494.29998779296875,48rsvbk9,reacher-hard-v0_3_20260212-100513_Ours+curiosity_ftlr0.0001_clip1.0_A10.0_On0.0_anlFalse
1M,1000000,3,54,679.2999877929688,48rsvbk9,reacher-hard-v0_3_20260212-100513_Ours+curiosity_ftlr0.0001_clip1.0_A10.0_On0.0_anlFalse
1M,1000000,3,55,667,48rsvbk9,reacher-hard-v0_3_20260212-100513_Ours+curiosity_ftlr0.0001_clip1.0_A10.0_On0.0_anlFalse
1M,1000000,3,56,608.5999755859375,48rsvbk9,reacher-hard-v0_3_20260212-100513_Ours+curiosity_ftlr0.0001_clip1.0_A10.0_On0.0_anlFalse
1M,1000000,3,57,751.0999755859375,48rsvbk9,reacher-hard-v0_3_20260212-100513_Ours+curiosity_ftlr0.0001_clip1.0_A10.0_On0.0_anlFalse
1M,1000000,3,58,688,48rsvbk9,reacher-hard-v0_3_20260212-100513_Ours+curiosity_ftlr0.0001_clip1.0_A10.0_On0.0_anlFalse
1M,1000000,3,59,290.1000061035156,48rsvbk9,reacher-hard-v0_3_20260212-100513_Ours+curiosity_ftlr0.0001_clip1.0_A10.0_On0.0_anlFalse
1M,1000000,3,60,571,48rsvbk9,reacher-hard-v0_3_20260212-100513_Ours+curiosity_ftlr0.0001_clip1.0_A10.0_On0.0_anlFalse
1M,1000000,3,61,682.5,48rsvbk9,reacher-hard-v0_3_20260212-100513_Ours+curiosity_ftlr0.0001_clip1.0_A10.0_On0.0_anlFalse
1M,1000000,3,62,676.4000244140625,48rsvbk9,reacher-hard-v0_3_20260212-100513_Ours+curiosity_ftlr0.0001_clip1.0_A10.0_On0.0_anlFalse
1M,1000000,3,63,679.7999877929688,48rsvbk9,reacher-hard-v0_3_20260212-100513_Ours+curiosity_ftlr0.0001_clip1.0_A10.0_On0.0_anlFalse
1M,1000000,3,64,690.2000122070312,48rsvbk9,reacher-hard-v0_3_20260212-100513_Ours+curiosity_ftlr0.0001_clip1.0_A10.0_On0.0_anlFalse
1M,1000000,3,65,965.7000122070312,48rsvbk9,reacher-hard-v0_3_20260212-100513_Ours+curiosity_ftlr0.0001_clip1.0_A10.0_On0.0_anlFalse
1M,1000000,3,66,679.7999877929688,48rsvbk9,reacher-hard-v0_3_20260212-100513_Ours+curiosity_ftlr0.0001_clip1.0_A10.0_On0.0_anlFalse
1M,1000000,3,67,583.9000244140625,48rsvbk9,reacher-hard-v0_3_20260212-100513_Ours+curiosity_ftlr0.0001_clip1.0_A10.0_On0.0_anlFalse
1M,1000000,3,68,879.5,48rsvbk9,reacher-hard-v0_3_20260212-100513_Ours+curiosity_ftlr0.0001_clip1.0_A10.0_On0.0_anlFalse
1M,1000000,3,69,761.7000122070312,48rsvbk9,reacher-hard-v0_3_20260212-100513_Ours+curiosity_ftlr0.0001_clip1.0_A10.0_On0.0_anlFalse
1M,1000000,3,70,694.7000122070312,48rsvbk9,reacher-hard-v0_3_20260212-100513_Ours+curiosity_ftlr0.0001_clip1.0_A10.0_On0.0_anlFalse
1M,1000000,3,71,578.7000122070312,48rsvbk9,reacher-hard-v0_3_20260212-100513_Ours+curiosity_ftlr0.0001_clip1.0_A10.0_On0.0_anlFalse
1M,1000000,3,72,290.20001220703125,48rsvbk9,reacher-hard-v0_3_20260212-100513_Ours+curiosity_ftlr0.0001_clip1.0_A10.0_On0.0_anlFalse
1M,1000000,3,73,679.2000122070312,48rsvbk9,reacher-hard-v0_3_20260212-100513_Ours+curiosity_ftlr0.0001_clip1.0_A10.0_On0.0_anlFalse
1M,1000000,3,74,486.20001220703125,48rsvbk9,reacher-hard-v0_3_20260212-100513_Ours+curiosity_ftlr0.0001_clip1.0_A10.0_On0.0_anlFalse
1M,1000000,3,75,772.7999877929688,48rsvbk9,reacher-hard-v0_3_20260212-100513_Ours+curiosity_ftlr0.0001_clip1.0_A10.0_On0.0_anlFalse
1M,1000000,3,76,584.2000122070312,48rsvbk9,reacher-hard-v0_3_20260212-100513_Ours+curiosity_ftlr0.0001_clip1.0_A10.0_On0.0_anlFalse
1M,1000000,3,77,800.9000244140625,48rsvbk9,reacher-hard-v0_3_20260212-100513_Ours+curiosity_ftlr0.0001_clip1.0_A10.0_On0.0_anlFalse
1M,1000000,3,78,846.5999755859375,48rsvbk9,reacher-hard-v0_3_20260212-100513_Ours+curiosity_ftlr0.0001_clip1.0_A10.0_On0.0_anlFalse
1M,1000000,3,79,485.20001220703125,48rsvbk9,reacher-hard-v0_3_20260212-100513_Ours+curiosity_ftlr0.0001_clip1.0_A10.0_On0.0_anlFalse
1M,1000000,3,80,900.7999877929688,48rsvbk9,reacher-hard-v0_3_20260212-100513_Ours+curiosity_ftlr0.0001_clip1.0_A10.0_On0.0_anlFalse
1M,1000000,3,81,770.9000244140625,48rsvbk9,reacher-hard-v0_3_20260212-100513_Ours+curiosity_ftlr0.0001_clip1.0_A10.0_On0.0_anlFalse
1M,1000000,3,82,682.5999755859375,48rsvbk9,reacher-hard-v0_3_20260212-100513_Ours+curiosity_ftlr0.0001_clip1.0_A10.0_On0.0_anlFalse
1M,1000000,3,83,772.0999755859375,48rsvbk9,reacher-hard-v0_3_20260212-100513_Ours+curiosity_ftlr0.0001_clip1.0_A10.0_On0.0_anlFalse
1M,1000000,3,84,682.5999755859375,48rsvbk9,reacher-hard-v0_3_20260212-100513_Ours+curiosity_ftlr0.0001_clip1.0_A10.0_On0.0_anlFalse
1M,1000000,3,85,860.5,48rsvbk9,reacher-hard-v0_3_20260212-100513_Ours+curiosity_ftlr0.0001_clip1.0_A10.0_On0.0_anlFalse
1M,1000000,3,86,673.9000244140625,48rsvbk9,reacher-hard-v0_3_20260212-100513_Ours+curiosity_ftlr0.0001_clip1.0_A10.0_On0.0_anlFalse
1M,1000000,3,87,969.7000122070312,48rsvbk9,reacher-hard-v0_3_20260212-100513_Ours+curiosity_ftlr0.0001_clip1.0_A10.0_On0.0_anlFalse
1M,1000000,3,88,482.5,48rsvbk9,reacher-hard-v0_3_20260212-100513_Ours+curiosity_ftlr0.0001_clip1.0_A10.0_On0.0_anlFalse
1M,1000000,3,89,582.2000122070312,48rsvbk9,reacher-hard-v0_3_20260212-100513_Ours+curiosity_ftlr0.0001_clip1.0_A10.0_On0.0_anlFalse
1M,1000000,3,90,685.0999755859375,48rsvbk9,reacher-hard-v0_3_20260212-100513_Ours+curiosity_ftlr0.0001_clip1.0_A10.0_On0.0_anlFalse
1M,1000000,3,91,582.5,48rsvbk9,reacher-hard-v0_3_20260212-100513_Ours+curiosity_ftlr0.0001_clip1.0_A10.0_On0.0_anlFalse
1M,1000000,3,92,881.5999755859375,48rsvbk9,reacher-hard-v0_3_20260212-100513_Ours+curiosity_ftlr0.0001_clip1.0_A10.0_On0.0_anlFalse
1M,1000000,3,93,777,48rsvbk9,reacher-hard-v0_3_20260212-100513_Ours+curiosity_ftlr0.0001_clip1.0_A10.0_On0.0_anlFalse
1M,1000000,3,94,767.2999877929688,48rsvbk9,reacher-hard-v0_3_20260212-100513_Ours+curiosity_ftlr0.0001_clip1.0_A10.0_On0.0_anlFalse
1M,1000000,3,95,771.5,48rsvbk9,reacher-hard-v0_3_20260212-100513_Ours+curiosity_ftlr0.0001_clip1.0_A10.0_On0.0_anlFalse
1M,1000000,3,96,765.0999755859375,48rsvbk9,reacher-hard-v0_3_20260212-100513_Ours+curiosity_ftlr0.0001_clip1.0_A10.0_On0.0_anlFalse
1M,1000000,3,97,679.7999877929688,48rsvbk9,reacher-hard-v0_3_20260212-100513_Ours+curiosity_ftlr0.0001_clip1.0_A10.0_On0.0_anlFalse
1M,1000000,3,98,874.0999755859375,48rsvbk9,reacher-hard-v0_3_20260212-100513_Ours+curiosity_ftlr0.0001_clip1.0_A10.0_On0.0_anlFalse
1M,1000000,3,99,867.2000122070312,48rsvbk9,reacher-hard-v0_3_20260212-100513_Ours+curiosity_ftlr0.0001_clip1.0_A10.0_On0.0_anlFalse
1M,1000000,2,0,11,rsv9l4t9,reacher-hard-v0_2_20260212-100513_Ours+curiosity_ftlr0.0001_clip1.0_A10.0_On0.0_anlFalse
1M,1000000,2,1,2.5,rsv9l4t9,reacher-hard-v0_2_20260212-100513_Ours+curiosity_ftlr0.0001_clip1.0_A10.0_On0.0_anlFalse
1M,1000000,2,2,24.600000381469727,rsv9l4t9,reacher-hard-v0_2_20260212-100513_Ours+curiosity_ftlr0.0001_clip1.0_A10.0_On0.0_anlFalse
1M,1000000,2,3,11,rsv9l4t9,reacher-hard-v0_2_20260212-100513_Ours+curiosity_ftlr0.0001_clip1.0_A10.0_On0.0_anlFalse
1M,1000000,2,4,12.300000190734863,rsv9l4t9,reacher-hard-v0_2_20260212-100513_Ours+curiosity_ftlr0.0001_clip1.0_A10.0_On0.0_anlFalse
1M,1000000,2,5,1.5,rsv9l4t9,reacher-hard-v0_2_20260212-100513_Ours+curiosity_ftlr0.0001_clip1.0_A10.0_On0.0_anlFalse
1M,1000000,2,6,0,rsv9l4t9,reacher-hard-v0_2_20260212-100513_Ours+curiosity_ftlr0.0001_clip1.0_A10.0_On0.0_anlFalse
1M,1000000,2,7,0,rsv9l4t9,reacher-hard-v0_2_20260212-100513_Ours+curiosity_ftlr0.0001_clip1.0_A10.0_On0.0_anlFalse
1M,1000000,2,8,0.6000000238418579,rsv9l4t9,reacher-hard-v0_2_20260212-100513_Ours+curiosity_ftlr0.0001_clip1.0_A10.0_On0.0_anlFalse
1M,1000000,2,9,1.7999999523162842,rsv9l4t9,reacher-hard-v0_2_20260212-100513_Ours+curiosity_ftlr0.0001_clip1.0_A10.0_On0.0_anlFalse
1M,1000000,2,10,180.3000030517578,rsv9l4t9,reacher-hard-v0_2_20260212-100513_Ours+curiosity_ftlr0.0001_clip1.0_A10.0_On0.0_anlFalse
1M,1000000,2,11,99.30000305175781,rsv9l4t9,reacher-hard-v0_2_20260212-100513_Ours+curiosity_ftlr0.0001_clip1.0_A10.0_On0.0_anlFalse
1M,1000000,2,12,97.9000015258789,rsv9l4t9,reacher-hard-v0_2_20260212-100513_Ours+curiosity_ftlr0.0001_clip1.0_A10.0_On0.0_anlFalse
1M,1000000,2,13,0.5,rsv9l4t9,reacher-hard-v0_2_20260212-100513_Ours+curiosity_ftlr0.0001_clip1.0_A10.0_On0.0_anlFalse
1M,1000000,2,14,97.5,rsv9l4t9,reacher-hard-v0_2_20260212-100513_Ours+curiosity_ftlr0.0001_clip1.0_A10.0_On0.0_anlFalse
1M,1000000,2,15,476.5,rsv9l4t9,reacher-hard-v0_2_20260212-100513_Ours+curiosity_ftlr0.0001_clip1.0_A10.0_On0.0_anlFalse
1M,1000000,2,16,4.099999904632568,rsv9l4t9,reacher-hard-v0_2_20260212-100513_Ours+curiosity_ftlr0.0001_clip1.0_A10.0_On0.0_anlFalse
1M,1000000,2,17,193.6999969482422,rsv9l4t9,reacher-hard-v0_2_20260212-100513_Ours+curiosity_ftlr0.0001_clip1.0_A10.0_On0.0_anlFalse
1M,1000000,2,18,0.8999999761581421,rsv9l4t9,reacher-hard-v0_2_20260212-100513_Ours+curiosity_ftlr0.0001_clip1.0_A10.0_On0.0_anlFalse
1M,1000000,2,19,37.599998474121094,rsv9l4t9,reacher-hard-v0_2_20260212-100513_Ours+curiosity_ftlr0.0001_clip1.0_A10.0_On0.0_anlFalse
1M,1000000,2,20,4.199999809265137,rsv9l4t9,reacher-hard-v0_2_20260212-100513_Ours+curiosity_ftlr0.0001_clip1.0_A10.0_On0.0_anlFalse
1M,1000000,2,21,362.79998779296875,rsv9l4t9,reacher-hard-v0_2_20260212-100513_Ours+curiosity_ftlr0.0001_clip1.0_A10.0_On0.0_anlFalse
1M,1000000,2,22,4.699999809265137,rsv9l4t9,reacher-hard-v0_2_20260212-100513_Ours+curiosity_ftlr0.0001_clip1.0_A10.0_On0.0_anlFalse
1M,1000000,2,23,353,rsv9l4t9,reacher-hard-v0_2_20260212-100513_Ours+curiosity_ftlr0.0001_clip1.0_A10.0_On0.0_anlFalse
1M,1000000,2,24,186.3000030517578,rsv9l4t9,reacher-hard-v0_2_20260212-100513_Ours+curiosity_ftlr0.0001_clip1.0_A10.0_On0.0_anlFalse
1M,1000000,2,25,281.29998779296875,rsv9l4t9,reacher-hard-v0_2_20260212-100513_Ours+curiosity_ftlr0.0001_clip1.0_A10.0_On0.0_anlFalse
1M,1000000,2,26,676.7000122070312,rsv9l4t9,reacher-hard-v0_2_20260212-100513_Ours+curiosity_ftlr0.0001_clip1.0_A10.0_On0.0_anlFalse
1M,1000000,2,27,296.20001220703125,rsv9l4t9,reacher-hard-v0_2_20260212-100513_Ours+curiosity_ftlr0.0001_clip1.0_A10.0_On0.0_anlFalse
1M,1000000,2,28,196.1999969482422,rsv9l4t9,reacher-hard-v0_2_20260212-100513_Ours+curiosity_ftlr0.0001_clip1.0_A10.0_On0.0_anlFalse
1M,1000000,2,29,290.1000061035156,rsv9l4t9,reacher-hard-v0_2_20260212-100513_Ours+curiosity_ftlr0.0001_clip1.0_A10.0_On0.0_anlFalse
1M,1000000,2,30,266.79998779296875,rsv9l4t9,reacher-hard-v0_2_20260212-100513_Ours+curiosity_ftlr0.0001_clip1.0_A10.0_On0.0_anlFalse
1M,1000000,2,31,669.7000122070312,rsv9l4t9,reacher-hard-v0_2_20260212-100513_Ours+curiosity_ftlr0.0001_clip1.0_A10.0_On0.0_anlFalse
1M,1000000,2,32,482.29998779296875,rsv9l4t9,reacher-hard-v0_2_20260212-100513_Ours+curiosity_ftlr0.0001_clip1.0_A10.0_On0.0_anlFalse
1M,1000000,2,33,667.9000244140625,rsv9l4t9,reacher-hard-v0_2_20260212-100513_Ours+curiosity_ftlr0.0001_clip1.0_A10.0_On0.0_anlFalse
1M,1000000,2,34,97.30000305175781,rsv9l4t9,reacher-hard-v0_2_20260212-100513_Ours+curiosity_ftlr0.0001_clip1.0_A10.0_On0.0_anlFalse
1M,1000000,2,35,478,rsv9l4t9,reacher-hard-v0_2_20260212-100513_Ours+curiosity_ftlr0.0001_clip1.0_A10.0_On0.0_anlFalse
1M,1000000,2,36,682,rsv9l4t9,reacher-hard-v0_2_20260212-100513_Ours+curiosity_ftlr0.0001_clip1.0_A10.0_On0.0_anlFalse
1M,1000000,2,37,392,rsv9l4t9,reacher-hard-v0_2_20260212-100513_Ours+curiosity_ftlr0.0001_clip1.0_A10.0_On0.0_anlFalse
1M,1000000,2,38,378.79998779296875,rsv9l4t9,reacher-hard-v0_2_20260212-100513_Ours+curiosity_ftlr0.0001_clip1.0_A10.0_On0.0_anlFalse
1M,1000000,2,39,481.1000061035156,rsv9l4t9,reacher-hard-v0_2_20260212-100513_Ours+curiosity_ftlr0.0001_clip1.0_A10.0_On0.0_anlFalse
1M,1000000,2,40,389.79998779296875,rsv9l4t9,reacher-hard-v0_2_20260212-100513_Ours+curiosity_ftlr0.0001_clip1.0_A10.0_On0.0_anlFalse
1M,1000000,2,41,381.20001220703125,rsv9l4t9,reacher-hard-v0_2_20260212-100513_Ours+curiosity_ftlr0.0001_clip1.0_A10.0_On0.0_anlFalse
1M,1000000,2,42,580.2000122070312,rsv9l4t9,reacher-hard-v0_2_20260212-100513_Ours+curiosity_ftlr0.0001_clip1.0_A10.0_On0.0_anlFalse
1M,1000000,2,43,198.5,rsv9l4t9,reacher-hard-v0_2_20260212-100513_Ours+curiosity_ftlr0.0001_clip1.0_A10.0_On0.0_anlFalse
1M,1000000,2,44,573.7000122070312,rsv9l4t9,reacher-hard-v0_2_20260212-100513_Ours+curiosity_ftlr0.0001_clip1.0_A10.0_On0.0_anlFalse
1M,1000000,2,45,591,rsv9l4t9,reacher-hard-v0_2_20260212-100513_Ours+curiosity_ftlr0.0001_clip1.0_A10.0_On0.0_anlFalse
1M,1000000,2,46,572.5,rsv9l4t9,reacher-hard-v0_2_20260212-100513_Ours+curiosity_ftlr0.0001_clip1.0_A10.0_On0.0_anlFalse
1M,1000000,2,47,388.8999938964844,rsv9l4t9,reacher-hard-v0_2_20260212-100513_Ours+curiosity_ftlr0.0001_clip1.0_A10.0_On0.0_anlFalse
1M,1000000,2,48,765.7000122070312,rsv9l4t9,reacher-hard-v0_2_20260212-100513_Ours+curiosity_ftlr0.0001_clip1.0_A10.0_On0.0_anlFalse
1M,1000000,2,49,580.0999755859375,rsv9l4t9,reacher-hard-v0_2_20260212-100513_Ours+curiosity_ftlr0.0001_clip1.0_A10.0_On0.0_anlFalse
1M,1000000,2,50,768.5999755859375,rsv9l4t9,reacher-hard-v0_2_20260212-100513_Ours+curiosity_ftlr0.0001_clip1.0_A10.0_On0.0_anlFalse
1M,1000000,2,51,480.5,rsv9l4t9,reacher-hard-v0_2_20260212-100513_Ours+curiosity_ftlr0.0001_clip1.0_A10.0_On0.0_anlFalse
1M,1000000,2,52,289,rsv9l4t9,reacher-hard-v0_2_20260212-100513_Ours+curiosity_ftlr0.0001_clip1.0_A10.0_On0.0_anlFalse
1M,1000000,2,53,665.2999877929688,rsv9l4t9,reacher-hard-v0_2_20260212-100513_Ours+curiosity_ftlr0.0001_clip1.0_A10.0_On0.0_anlFalse
1M,1000000,2,54,852.5999755859375,rsv9l4t9,reacher-hard-v0_2_20260212-100513_Ours+curiosity_ftlr0.0001_clip1.0_A10.0_On0.0_anlFalse
1M,1000000,2,55,650.7000122070312,rsv9l4t9,reacher-hard-v0_2_20260212-100513_Ours+curiosity_ftlr0.0001_clip1.0_A10.0_On0.0_anlFalse
1M,1000000,2,56,578.5,rsv9l4t9,reacher-hard-v0_2_20260212-100513_Ours+curiosity_ftlr0.0001_clip1.0_A10.0_On0.0_anlFalse
1M,1000000,2,57,871.7000122070312,rsv9l4t9,reacher-hard-v0_2_20260212-100513_Ours+curiosity_ftlr0.0001_clip1.0_A10.0_On0.0_anlFalse
1M,1000000,2,58,669.7000122070312,rsv9l4t9,reacher-hard-v0_2_20260212-100513_Ours+curiosity_ftlr0.0001_clip1.0_A10.0_On0.0_anlFalse
1M,1000000,2,59,668.7000122070312,rsv9l4t9,reacher-hard-v0_2_20260212-100513_Ours+curiosity_ftlr0.0001_clip1.0_A10.0_On0.0_anlFalse
1M,1000000,2,60,668.7999877929688,rsv9l4t9,reacher-hard-v0_2_20260212-100513_Ours+curiosity_ftlr0.0001_clip1.0_A10.0_On0.0_anlFalse
1M,1000000,2,61,717.9000244140625,rsv9l4t9,reacher-hard-v0_2_20260212-100513_Ours+curiosity_ftlr0.0001_clip1.0_A10.0_On0.0_anlFalse
1M,1000000,2,62,486.29998779296875,rsv9l4t9,reacher-hard-v0_2_20260212-100513_Ours+curiosity_ftlr0.0001_clip1.0_A10.0_On0.0_anlFalse
1M,1000000,2,63,773.2000122070312,rsv9l4t9,reacher-hard-v0_2_20260212-100513_Ours+curiosity_ftlr0.0001_clip1.0_A10.0_On0.0_anlFalse
1M,1000000,2,64,776.2000122070312,rsv9l4t9,reacher-hard-v0_2_20260212-100513_Ours+curiosity_ftlr0.0001_clip1.0_A10.0_On0.0_anlFalse
1M,1000000,2,65,580.0999755859375,rsv9l4t9,reacher-hard-v0_2_20260212-100513_Ours+curiosity_ftlr0.0001_clip1.0_A10.0_On0.0_anlFalse
1M,1000000,2,66,591.9000244140625,rsv9l4t9,reacher-hard-v0_2_20260212-100513_Ours+curiosity_ftlr0.0001_clip1.0_A10.0_On0.0_anlFalse
1M,1000000,2,67,482.79998779296875,rsv9l4t9,reacher-hard-v0_2_20260212-100513_Ours+curiosity_ftlr0.0001_clip1.0_A10.0_On0.0_anlFalse
1M,1000000,2,68,780.2000122070312,rsv9l4t9,reacher-hard-v0_2_20260212-100513_Ours+curiosity_ftlr0.0001_clip1.0_A10.0_On0.0_anlFalse
1M,1000000,2,69,465.8999938964844,rsv9l4t9,reacher-hard-v0_2_20260212-100513_Ours+curiosity_ftlr0.0001_clip1.0_A10.0_On0.0_anlFalse
1M,1000000,2,70,677.9000244140625,rsv9l4t9,reacher-hard-v0_2_20260212-100513_Ours+curiosity_ftlr0.0001_clip1.0_A10.0_On0.0_anlFalse
1M,1000000,2,71,588.5999755859375,rsv9l4t9,reacher-hard-v0_2_20260212-100513_Ours+curiosity_ftlr0.0001_clip1.0_A10.0_On0.0_anlFalse
1M,1000000,2,72,870.9000244140625,rsv9l4t9,reacher-hard-v0_2_20260212-100513_Ours+curiosity_ftlr0.0001_clip1.0_A10.0_On0.0_anlFalse
1M,1000000,2,73,486.8999938964844,rsv9l4t9,reacher-hard-v0_2_20260212-100513_Ours+curiosity_ftlr0.0001_clip1.0_A10.0_On0.0_anlFalse
1M,1000000,2,74,560.5,rsv9l4t9,reacher-hard-v0_2_20260212-100513_Ours+curiosity_ftlr0.0001_clip1.0_A10.0_On0.0_anlFalse
1M,1000000,2,75,290.8999938964844,rsv9l4t9,reacher-hard-v0_2_20260212-100513_Ours+curiosity_ftlr0.0001_clip1.0_A10.0_On0.0_anlFalse
1M,1000000,2,76,580.5,rsv9l4t9,reacher-hard-v0_2_20260212-100513_Ours+curiosity_ftlr0.0001_clip1.0_A10.0_On0.0_anlFalse
1M,1000000,2,77,760.4000244140625,rsv9l4t9,reacher-hard-v0_2_20260212-100513_Ours+curiosity_ftlr0.0001_clip1.0_A10.0_On0.0_anlFalse
1M,1000000,2,78,779.7999877929688,rsv9l4t9,reacher-hard-v0_2_20260212-100513_Ours+curiosity_ftlr0.0001_clip1.0_A10.0_On0.0_anlFalse
1M,1000000,2,79,579.0999755859375,rsv9l4t9,reacher-hard-v0_2_20260212-100513_Ours+curiosity_ftlr0.0001_clip1.0_A10.0_On0.0_anlFalse
1M,1000000,2,80,575.7000122070312,rsv9l4t9,reacher-hard-v0_2_20260212-100513_Ours+curiosity_ftlr0.0001_clip1.0_A10.0_On0.0_anlFalse
1M,1000000,2,81,684.2999877929688,rsv9l4t9,reacher-hard-v0_2_20260212-100513_Ours+curiosity_ftlr0.0001_clip1.0_A10.0_On0.0_anlFalse
1M,1000000,2,82,774.0999755859375,rsv9l4t9,reacher-hard-v0_2_20260212-100513_Ours+curiosity_ftlr0.0001_clip1.0_A10.0_On0.0_anlFalse
1M,1000000,2,83,755.7000122070312,rsv9l4t9,reacher-hard-v0_2_20260212-100513_Ours+curiosity_ftlr0.0001_clip1.0_A10.0_On0.0_anlFalse
1M,1000000,2,84,488.6000061035156,rsv9l4t9,reacher-hard-v0_2_20260212-100513_Ours+curiosity_ftlr0.0001_clip1.0_A10.0_On0.0_anlFalse
1M,1000000,2,85,485.29998779296875,rsv9l4t9,reacher-hard-v0_2_20260212-100513_Ours+curiosity_ftlr0.0001_clip1.0_A10.0_On0.0_anlFalse
1M,1000000,2,86,649.7000122070312,rsv9l4t9,reacher-hard-v0_2_20260212-100513_Ours+curiosity_ftlr0.0001_clip1.0_A10.0_On0.0_anlFalse
1M,1000000,2,87,757.2000122070312,rsv9l4t9,reacher-hard-v0_2_20260212-100513_Ours+curiosity_ftlr0.0001_clip1.0_A10.0_On0.0_anlFalse
1M,1000000,2,88,770.5999755859375,rsv9l4t9,reacher-hard-v0_2_20260212-100513_Ours+curiosity_ftlr0.0001_clip1.0_A10.0_On0.0_anlFalse
1M,1000000,2,89,481.20001220703125,rsv9l4t9,reacher-hard-v0_2_20260212-100513_Ours+curiosity_ftlr0.0001_clip1.0_A10.0_On0.0_anlFalse
1M,1000000,2,90,677.9000244140625,rsv9l4t9,reacher-hard-v0_2_20260212-100513_Ours+curiosity_ftlr0.0001_clip1.0_A10.0_On0.0_anlFalse
1M,1000000,2,91,676.7999877929688,rsv9l4t9,reacher-hard-v0_2_20260212-100513_Ours+curiosity_ftlr0.0001_clip1.0_A10.0_On0.0_anlFalse
1M,1000000,2,92,683.0999755859375,rsv9l4t9,reacher-hard-v0_2_20260212-100513_Ours+curiosity_ftlr0.0001_clip1.0_A10.0_On0.0_anlFalse
1M,1000000,2,93,765.7999877929688,rsv9l4t9,reacher-hard-v0_2_20260212-100513_Ours+curiosity_ftlr0.0001_clip1.0_A10.0_On0.0_anlFalse
1M,1000000,2,94,784.4000244140625,rsv9l4t9,reacher-hard-v0_2_20260212-100513_Ours+curiosity_ftlr0.0001_clip1.0_A10.0_On0.0_anlFalse
1M,1000000,2,95,865.7999877929688,rsv9l4t9,reacher-hard-v0_2_20260212-100513_Ours+curiosity_ftlr0.0001_clip1.0_A10.0_On0.0_anlFalse
1M,1000000,2,96,585.7999877929688,rsv9l4t9,reacher-hard-v0_2_20260212-100513_Ours+curiosity_ftlr0.0001_clip1.0_A10.0_On0.0_anlFalse
1M,1000000,2,97,694.7999877929688,rsv9l4t9,reacher-hard-v0_2_20260212-100513_Ours+curiosity_ftlr0.0001_clip1.0_A10.0_On0.0_anlFalse
1M,1000000,2,98,483.5,rsv9l4t9,reacher-hard-v0_2_20260212-100513_Ours+curiosity_ftlr0.0001_clip1.0_A10.0_On0.0_anlFalse
1M,1000000,2,99,670.5999755859375,rsv9l4t9,reacher-hard-v0_2_20260212-100513_Ours+curiosity_ftlr0.0001_clip1.0_A10.0_On0.0_anlFalse
